sample_id,area_id,source_geometry_id,spatial_validation_zone,binary_visual_label_v2,visual_label_v2,area_ha_raw
OVR2_0350,048533a2-7b2c-4208-a850-f45714b97e61,048533a2-7b2c-4208-a850-f45714b97e61,central_calabria,0,not_olive_like,0.796861954480965
OVR2_0395,08e8a819-3549-44ed-8071-106f8f81c62e,08e8a819-3549-44ed-8071-106f8f81c62e,central_calabria,0,not_olive_like,10.9750187084724
OVR2_0370,18335feb-4f5d-4c38-83b4-6d548893cc1d,18335feb-4f5d-4c38-83b4-6d548893cc1d,central_calabria,0,not_olive_like,1.66505537585831
OVR2_0293,407b6fa5-47fe-40cf-b49d-278d5b55c65a,407b6fa5-47fe-40cf-b49d-278d5b55c65a,central_calabria,0,not_olive_like,0.825766445251837
OVR2_0494,40fc9618-d1f4-4c59-9e20-d75132070004,40fc9618-d1f4-4c59-9e20-d75132070004,central_calabria,0,not_olive_like,10.8152829954547
OVR2_0421,4a8854f3-5208-4457-96ec-2da6277c2686,4a8854f3-5208-4457-96ec-2da6277c2686,central_calabria,0,not_olive_like,13.4950609938305
OVR2_0239,4e7bb0b4-4f7e-44e0-9520-84f4c6220d18,4e7bb0b4-4f7e-44e0-9520-84f4c6220d18,central_calabria,0,not_olive_like,10.4619933044802
OVR2_0462,60f32136-c60e-4193-a042-e4875dd39cd9,60f32136-c60e-4193-a042-e4875dd39cd9,central_calabria,0,not_olive_like,11.3395220792859
OVR2_0329,70919431-0788-4358-b6c7-2609f1053937,70919431-0788-4358-b6c7-2609f1053937,central_calabria,0,not_olive_like,0.779108622194304
OVR2_0229,9b08ca1f-9ff0-4317-9d8f-d81da5dbf94e,9b08ca1f-9ff0-4317-9d8f-d81da5dbf94e,central_calabria,0,not_olive_like,5.09097141055297
OVR2_0417,9d875ecc-a441-4815-b201-adcc0b09c4de,9d875ecc-a441-4815-b201-adcc0b09c4de,central_calabria,0,not_olive_like,1.65292233846624
OVR2_0287,a31d6ff4-7b78-4d7c-b2a4-7ade7c149a95,a31d6ff4-7b78-4d7c-b2a4-7ade7c149a95,central_calabria,0,not_olive_like,6.38267060639953
OVR2_0493,d213ebef-79cd-4c88-89d8-09276018d836,d213ebef-79cd-4c88-89d8-09276018d836,central_calabria,0,not_olive_like,1.13697104217098
OVR2_0306,da355dd0-92ed-4741-9339-8cfa06920199,da355dd0-92ed-4741-9339-8cfa06920199,central_calabria,0,not_olive_like,0.747972544594359
OVR2_0297,f97be8f0-b9fd-4bea-8f5a-45f57bf2bc3e,f97be8f0-b9fd-4bea-8f5a-45f57bf2bc3e,central_calabria,0,not_olive_like,0.95340489384299
OVR2_0461,f9c3a864-b06d-436a-bb5e-3c69a7f838b6,f9c3a864-b06d-436a-bb5e-3c69a7f838b6,central_calabria,0,not_olive_like,2.53887768046955
OVR2_0434,fbcbbe83-5fc0-4da4-8a51-dc723b489103,fbcbbe83-5fc0-4da4-8a51-dc723b489103,central_calabria,0,not_olive_like,7.15283889159863
OVR2_0415,ff29589f-3103-4277-b455-f478488dc77c,ff29589f-3103-4277-b455-f478488dc77c,central_calabria,0,not_olive_like,9.9409366956413
OVR2_0477,002b205a-66ef-4245-aff0-d0d208424c29,002b205a-66ef-4245-aff0-d0d208424c29,central_calabria,1,olive_like,13.415771720648
OVR2_0414,018750d5-285a-4767-b84b-cb57bff4f0fa,018750d5-285a-4767-b84b-cb57bff4f0fa,central_calabria,1,olive_like,2.25993555594477
OVR2_0372,02086d64-3655-449d-93bd-158565b16409,02086d64-3655-449d-93bd-158565b16409,central_calabria,1,olive_like,28.774675911003
OVR2_0243,026478dc-4dfa-43dc-baa4-1f31a24c3766,026478dc-4dfa-43dc-baa4-1f31a24c3766,central_calabria,1,olive_like,10.0510160131211
OVR2_0225,06611573-7622-4e17-88c6-c2cdf3f6450c,06611573-7622-4e17-88c6-c2cdf3f6450c,central_calabria,1,olive_like,9.43745387405527
OVR2_0413,0752391a-d005-4a34-8c37-38d287dfbced,0752391a-d005-4a34-8c37-38d287dfbced,central_calabria,1,olive_like,2.23381221724346
OVR2_0213,0fdd8d0b-58b4-48b4-91f2-f50da34f6667,0fdd8d0b-58b4-48b4-91f2-f50da34f6667,central_calabria,1,olive_like,13.0828328962341
OVR2_0431,1cc02c24-7700-4eb8-a8a0-20446c75380c,1cc02c24-7700-4eb8-a8a0-20446c75380c,central_calabria,1,olive_like,2.5748011078415
OVR2_0484,2189620a-40ad-4c2a-977a-096eec44a72b,2189620a-40ad-4c2a-977a-096eec44a72b,central_calabria,1,olive_like,0.81310956970495
OVR2_0351,23cc46eb-3a72-43f5-ae70-4c4b630362b9,23cc46eb-3a72-43f5-ae70-4c4b630362b9,central_calabria,1,olive_like,4.93592548901045
OVR2_0240,27ba227f-9253-491d-8581-7751d3ad79a7,27ba227f-9253-491d-8581-7751d3ad79a7,central_calabria,1,olive_like,7.11197690810856
OVR2_0460,2b881276-810d-472c-922d-6a8af80f10a9,2b881276-810d-472c-922d-6a8af80f10a9,central_calabria,1,olive_like,16.1232716199644
OVR2_0364,314897f6-b485-47d7-8275-42a8420ffdc3,314897f6-b485-47d7-8275-42a8420ffdc3,central_calabria,1,olive_like,8.15816457722946
OVR2_0453,319434f5-fa02-4152-9f7a-84e9b2751b7e,319434f5-fa02-4152-9f7a-84e9b2751b7e,central_calabria,1,olive_like,24.0487232842596
OVR2_0375,325c910c-85ba-4274-a12d-2347def792c0,325c910c-85ba-4274-a12d-2347def792c0,central_calabria,1,olive_like,3.5868819913829
OVR2_0272,33519d66-3bd6-4946-b405-933736b7c5b5,33519d66-3bd6-4946-b405-933736b7c5b5,central_calabria,1,olive_like,46.82305148416
OVR2_0420,33e1f332-2116-4cdf-a683-57894654f7c8,33e1f332-2116-4cdf-a683-57894654f7c8,central_calabria,1,olive_like,8.8662402234111
OVR2_0355,35db8036-f229-4454-adcb-66d5ae3d75b7,35db8036-f229-4454-adcb-66d5ae3d75b7,central_calabria,1,olive_like,6.43630858439976
OVR2_0248,380889f9-3710-4693-b0cf-c3e2658c5ade,380889f9-3710-4693-b0cf-c3e2658c5ade,central_calabria,1,olive_like,8.88898716382578
OVR2_0316,38ed5b18-1453-46fa-89c0-9d00e74cdfc0,38ed5b18-1453-46fa-89c0-9d00e74cdfc0,central_calabria,1,olive_like,0.67245285422103
OVR2_0377,3a1e4cb8-6e0f-4ca8-b78a-afa54373698c,3a1e4cb8-6e0f-4ca8-b78a-afa54373698c,central_calabria,1,olive_like,31.4635603261468
OVR2_0451,3ad21c01-982e-4a6f-aaf8-3504c6640519,3ad21c01-982e-4a6f-aaf8-3504c6640519,central_calabria,1,olive_like,10.2383761628749
OVR2_0446,3d0fa030-ee0c-440d-b274-efc176c8288b,3d0fa030-ee0c-440d-b274-efc176c8288b,central_calabria,1,olive_like,6.27629454249424
OVR2_0436,3efc03cb-1709-441c-abde-6325b026fa7b,3efc03cb-1709-441c-abde-6325b026fa7b,central_calabria,1,olive_like,1.56155724188237
OVR2_0432,41280d99-1993-4f8f-94ec-15749c438a22,41280d99-1993-4f8f-94ec-15749c438a22,central_calabria,1,olive_like,6.48919213998152
OVR2_0454,44b37f6e-6824-433b-9ff9-77b2fae9b25a,44b37f6e-6824-433b-9ff9-77b2fae9b25a,central_calabria,1,olive_like,3.85905484788565
OVR2_0358,4f8794fd-2765-405c-8191-97e44205b5d8,4f8794fd-2765-405c-8191-97e44205b5d8,central_calabria,1,olive_like,19.2936277003887
OVR2_0337,52af5ab2-0b9e-4f94-930c-209d9e8e5c66,52af5ab2-0b9e-4f94-930c-209d9e8e5c66,central_calabria,1,olive_like,0.893397533384615
OVR2_0401,568b32de-d4d1-4a7f-829b-6fcd0c1f5da5,568b32de-d4d1-4a7f-829b-6fcd0c1f5da5,central_calabria,1,olive_like,50.9565189679499
OVR2_0286,58f91fa1-e590-42a3-947a-d014071eb8d1,58f91fa1-e590-42a3-947a-d014071eb8d1,central_calabria,1,olive_like,10.5321435460801
OVR2_0469,6186b338-eff2-48df-8bc0-bf22e17bd285,6186b338-eff2-48df-8bc0-bf22e17bd285,central_calabria,1,olive_like,12.9553684726951
OVR2_0394,64542385-492d-46a4-b453-71de46738c92,64542385-492d-46a4-b453-71de46738c92,central_calabria,1,olive_like,14.3728577608479
OVR2_0427,64d40ec6-5a34-42b8-8554-b6fa5decb176,64d40ec6-5a34-42b8-8554-b6fa5decb176,central_calabria,1,olive_like,6.60116711593108
OVR2_0388,67094e79-5155-4900-a2aa-8fdb6c61c030,67094e79-5155-4900-a2aa-8fdb6c61c030,central_calabria,1,olive_like,11.184688751583
OVR2_0487,695afdee-94b2-4382-97a0-d62d8fe31a43,695afdee-94b2-4382-97a0-d62d8fe31a43,central_calabria,1,olive_like,10.3744955760744
OVR2_0211,6990286b-a934-43a5-959c-8e9d5b516c98,6990286b-a934-43a5-959c-8e9d5b516c98,central_calabria,1,olive_like,10.7132720831821
OVR2_0274,69e1438b-c7d3-4345-ace2-bf38a9d28503,69e1438b-c7d3-4345-ace2-bf38a9d28503,central_calabria,1,olive_like,9.29435284123086
OVR2_0468,6a0c0b44-ff05-4dce-b2ac-16649ab61c3d,6a0c0b44-ff05-4dce-b2ac-16649ab61c3d,central_calabria,1,olive_like,6.54060971263578
OVR2_0465,6b350121-eb41-48b9-b404-2c0eacb8e16f,6b350121-eb41-48b9-b404-2c0eacb8e16f,central_calabria,1,olive_like,2.38296304123148
OVR2_0363,70a7cd21-9650-4dbb-9c9f-5bd66f8056c3,70a7cd21-9650-4dbb-9c9f-5bd66f8056c3,central_calabria,1,olive_like,90.9575984441536
OVR2_0304,7252e5b1-69af-4762-99dd-fccff33e4904,7252e5b1-69af-4762-99dd-fccff33e4904,central_calabria,1,olive_like,0.779840245112349
OVR2_0489,7b92f856-4a89-439b-9f50-423993f88d67,7b92f856-4a89-439b-9f50-423993f88d67,central_calabria,1,olive_like,8.40996032128812
OVR2_0472,834c8845-e28e-4085-97d9-2711175e715d,834c8845-e28e-4085-97d9-2711175e715d,central_calabria,1,olive_like,0.578627974599592
OVR2_0497,874750df-a4f7-4bd3-ade2-2f9b44fd0936,874750df-a4f7-4bd3-ade2-2f9b44fd0936,central_calabria,1,olive_like,12.0753778989054
OVR2_0271,8d910ba5-2704-451f-ac69-ae436abe4552,8d910ba5-2704-451f-ac69-ae436abe4552,central_calabria,1,olive_like,12.3715475862461
OVR2_0407,8de06204-8f30-43c0-8288-3245cb515c58,8de06204-8f30-43c0-8288-3245cb515c58,central_calabria,1,olive_like,35.9864854401427
OVR2_0246,9586c79a-3114-4af5-b599-ef0046f945b2,9586c79a-3114-4af5-b599-ef0046f945b2,central_calabria,1,olive_like,14.2378015442729
OVR2_0223,95fb236b-d4fc-4957-a784-958617f071bb,95fb236b-d4fc-4957-a784-958617f071bb,central_calabria,1,olive_like,14.7330026316411
OVR2_0281,962f5054-7f10-4775-9bbb-b6cb21d8cd66,962f5054-7f10-4775-9bbb-b6cb21d8cd66,central_calabria,1,olive_like,16.73699873988
OVR2_0481,987eb6e5-f160-43eb-a2de-42c1cc49c979,987eb6e5-f160-43eb-a2de-42c1cc49c979,central_calabria,1,olive_like,1.9266634027617
OVR2_0255,9d971bf2-95a7-4301-976f-8f2e82c68255,9d971bf2-95a7-4301-976f-8f2e82c68255,central_calabria,1,olive_like,21.2166507691265
OVR2_0261,a12b9fb2-3d04-477b-a3c2-472a96fee8d0,a12b9fb2-3d04-477b-a3c2-472a96fee8d0,central_calabria,1,olive_like,8.61208379622683
OVR2_0406,a28481aa-6f9e-498e-92e3-1f6f0402f8c6,a28481aa-6f9e-498e-92e3-1f6f0402f8c6,central_calabria,1,olive_like,6.99258678638326
OVR2_0475,a539464f-adf6-4b3c-9c02-badd36600851,a539464f-adf6-4b3c-9c02-badd36600851,central_calabria,1,olive_like,3.48943317448019
OVR2_0258,a6ffe262-54f7-4081-a546-94eb1c5ba27c,a6ffe262-54f7-4081-a546-94eb1c5ba27c,central_calabria,1,olive_like,17.6261373267571
OVR2_0459,a849ac36-6d69-4b73-b8be-c50efdef9637,a849ac36-6d69-4b73-b8be-c50efdef9637,central_calabria,1,olive_like,2.68443992604551
OVR2_0486,ab8b74f1-aa18-422a-827d-44eefd01b2e8,ab8b74f1-aa18-422a-827d-44eefd01b2e8,central_calabria,1,olive_like,11.0301771177656
OVR2_0224,b0bef4b1-59ae-41f4-8662-8aee92560c24,b0bef4b1-59ae-41f4-8662-8aee92560c24,central_calabria,1,olive_like,8.47034412594902
OVR2_0474,b100b4af-3cd4-4281-8e00-23836e4bb0c2,b100b4af-3cd4-4281-8e00-23836e4bb0c2,central_calabria,1,olive_like,0.951652458654143
OVR2_0476,b403791c-f415-4f93-a283-4a42348cc884,b403791c-f415-4f93-a283-4a42348cc884,central_calabria,1,olive_like,11.3146276778619
OVR2_0456,b9283d12-368c-4cfd-9d70-ad09219dccff,b9283d12-368c-4cfd-9d70-ad09219dccff,central_calabria,1,olive_like,28.7332248466219
OVR2_0491,bae68644-7473-4023-a420-1087d388429a,bae68644-7473-4023-a420-1087d388429a,central_calabria,1,olive_like,0.673413310806846
OVR2_0416,cae37c5a-d739-4056-b566-9d4c0dfbab92,cae37c5a-d739-4056-b566-9d4c0dfbab92,central_calabria,1,olive_like,4.63693415731762
OVR2_0236,cb098c94-9e0c-4efd-9fdf-e072bdbf799e,cb098c94-9e0c-4efd-9fdf-e072bdbf799e,central_calabria,1,olive_like,30.8722656799007
OVR2_0447,cb652ebb-5e9f-42f9-a97a-5956ec2cab7c,cb652ebb-5e9f-42f9-a97a-5956ec2cab7c,central_calabria,1,olive_like,32.4673419827073
OVR2_0252,ce62d29c-d19f-49ca-a69b-bf8375300ab8,ce62d29c-d19f-49ca-a69b-bf8375300ab8,central_calabria,1,olive_like,6.42462678925509
OVR2_0404,ce6fc4d0-9e9f-4e49-bd11-35d27b7892fe,ce6fc4d0-9e9f-4e49-bd11-35d27b7892fe,central_calabria,1,olive_like,16.8262179773163
OVR2_0220,d04fc3d9-e103-48e5-ac84-acb37ff7e23b,d04fc3d9-e103-48e5-ac84-acb37ff7e23b,central_calabria,1,olive_like,8.86776098694204
OVR2_0233,d11b74c7-0707-4609-9e17-5370835a8434,d11b74c7-0707-4609-9e17-5370835a8434,central_calabria,1,olive_like,29.7557432061332
OVR2_0268,df2611ec-8650-4051-9b7e-f345a5cf8b09,df2611ec-8650-4051-9b7e-f345a5cf8b09,central_calabria,1,olive_like,18.4655206413571
OVR2_0423,dfa634d7-439a-4b2b-8f40-681bbeb3e8b2,dfa634d7-439a-4b2b-8f40-681bbeb3e8b2,central_calabria,1,olive_like,82.9707134033529
OVR2_0226,e7602f95-abd5-4c86-8585-8c221da829be,e7602f95-abd5-4c86-8585-8c221da829be,central_calabria,1,olive_like,62.4338205367841
OVR2_0439,e81d287e-8b06-4782-91ac-9d7c74e701bc,e81d287e-8b06-4782-91ac-9d7c74e701bc,central_calabria,1,olive_like,26.8323665051846
OVR2_0250,ea61c138-c377-444a-b669-c39d84e87350,ea61c138-c377-444a-b669-c39d84e87350,central_calabria,1,olive_like,14.7268223097927
OVR2_0249,ecc27547-8ab6-4724-8b86-b877b3957f93,ecc27547-8ab6-4724-8b86-b877b3957f93,central_calabria,1,olive_like,63.1007905687919
OVR2_0216,f41427d4-2eec-4342-afda-f7b91abfecf6,f41427d4-2eec-4342-afda-f7b91abfecf6,central_calabria,1,olive_like,18.026923011937
OVR2_0457,f5b5b142-51cf-422c-be5d-bb1030b5104b,f5b5b142-51cf-422c-be5d-bb1030b5104b,central_calabria,1,olive_like,2.79307521879971
OVR2_0026,0a7d3c16-632d-4000-a848-91ea92007318,0a7d3c16-632d-4000-a848-91ea92007318,north_calabria,0,not_olive_like,2.74575738478072
OVR2_0125,0b877e85-da03-4389-a9d0-3dfad92cc4a3,0b877e85-da03-4389-a9d0-3dfad92cc4a3,north_calabria,0,not_olive_like,0.782299614914148
OVR2_0320,1caad9e5-3cdc-4531-8b8f-f731e92fa6bf,1caad9e5-3cdc-4531-8b8f-f731e92fa6bf,north_calabria,0,not_olive_like,0.888486618788049
OVR2_0170,23d6058a-60a2-4fa1-a608-c0e81561ad4f,23d6058a-60a2-4fa1-a608-c0e81561ad4f,north_calabria,0,not_olive_like,0.625856452929546
OVR2_0124,29993089-3877-4657-86e5-2988e5a10017,29993089-3877-4657-86e5-2988e5a10017,north_calabria,0,not_olive_like,0.934357388806126
OVR2_0397,2d07dccd-ec34-41b3-acd8-9f34f31d3f46,2d07dccd-ec34-41b3-acd8-9f34f31d3f46,north_calabria,0,not_olive_like,2.83083297957575
OVR2_0149,3254fd56-4a43-438c-af85-d01b3d630793,3254fd56-4a43-438c-af85-d01b3d630793,north_calabria,0,not_olive_like,1.05147232813267
OVR2_0492,380a008b-755b-499f-b0cb-905f79a86106,380a008b-755b-499f-b0cb-905f79a86106,north_calabria,0,not_olive_like,0.985959414957626
OVR2_0106,47d546f6-c454-492a-9571-8c0e8643d68c,47d546f6-c454-492a-9571-8c0e8643d68c,north_calabria,0,not_olive_like,2.28425429201057
OVR2_0147,4947de30-f503-4058-9db3-e74e33aaf7b6,4947de30-f503-4058-9db3-e74e33aaf7b6,north_calabria,0,not_olive_like,5.96869723707856
OVR2_0317,4b0713bc-bcbb-4c1d-bbb2-25771826c156,4b0713bc-bcbb-4c1d-bbb2-25771826c156,north_calabria,0,not_olive_like,0.629434711092182
OVR2_0479,5037df75-c1a7-443e-8d0e-359cb7e0dea2,5037df75-c1a7-443e-8d0e-359cb7e0dea2,north_calabria,0,not_olive_like,0.731669632314812
OVR2_0188,528b5405-4d84-4bd9-bbfe-3c214f061701,528b5405-4d84-4bd9-bbfe-3c214f061701,north_calabria,0,not_olive_like,0.913978924222501
OVR2_0311,52abf8a6-edc5-4dbd-9cb5-e2342c03a182,52abf8a6-edc5-4dbd-9cb5-e2342c03a182,north_calabria,0,not_olive_like,0.872381850527216
OVR2_0251,57429120-2943-47e3-b537-51a53a80bd7e,57429120-2943-47e3-b537-51a53a80bd7e,north_calabria,0,not_olive_like,7.24590790795705
OVR2_0046,5d2da25a-6e59-40ec-8683-eddfc2c8593e,5d2da25a-6e59-40ec-8683-eddfc2c8593e,north_calabria,0,not_olive_like,3.58261017597423
OVR2_0313,5ef514b7-16ef-4dfa-93f4-cb95921e4bad,5ef514b7-16ef-4dfa-93f4-cb95921e4bad,north_calabria,0,not_olive_like,0.914142086126495
OVR2_0030,62504f68-5101-45dd-b089-a689bd5a8f39,62504f68-5101-45dd-b089-a689bd5a8f39,north_calabria,0,not_olive_like,1.46859689573317
OVR2_0309,6785a1e4-2104-4586-88ac-308cc9e13c1f,6785a1e4-2104-4586-88ac-308cc9e13c1f,north_calabria,0,not_olive_like,0.696676516092453
OVR2_0294,683d1bde-a5c3-4a38-b531-b65a186db838,683d1bde-a5c3-4a38-b531-b65a186db838,north_calabria,0,not_olive_like,0.825942066551121
OVR2_0010,69ccee85-078f-42d2-8f2e-ed32086741c3,69ccee85-078f-42d2-8f2e-ed32086741c3,north_calabria,0,not_olive_like,12.4477559542473
OVR2_0109,703c3196-cb73-449b-a423-74c7b3269604,703c3196-cb73-449b-a423-74c7b3269604,north_calabria,0,not_olive_like,0.592198550740376
OVR2_0310,70adbf10-18c8-4c4f-b143-0d1be2aa2733,70adbf10-18c8-4c4f-b143-0d1be2aa2733,north_calabria,0,not_olive_like,0.934007644065688
OVR2_0038,726a1946-8152-406e-8e36-9d73a3ed0371,726a1946-8152-406e-8e36-9d73a3ed0371,north_calabria,0,not_olive_like,1.54249451034307
OVR2_0177,7c1f2d99-8673-4904-a5d2-054f03ea9cb5,7c1f2d99-8673-4904-a5d2-054f03ea9cb5,north_calabria,0,not_olive_like,7.84910866862036
OVR2_0321,842cf29f-b5d8-44c5-a76b-60586d361512,842cf29f-b5d8-44c5-a76b-60586d361512,north_calabria,0,not_olive_like,0.864442159266941
OVR2_0093,859f7ff4-4b97-4522-959c-7a7e9f9ea8ba,859f7ff4-4b97-4522-959c-7a7e9f9ea8ba,north_calabria,0,not_olive_like,1.0179145107529
OVR2_0154,865c847a-2cd3-46f5-b780-51206cb56a7b,865c847a-2cd3-46f5-b780-51206cb56a7b,north_calabria,0,not_olive_like,5.69292971213356
OVR2_0057,8fcad545-f67c-4444-868f-222152578be1,8fcad545-f67c-4444-868f-222152578be1,north_calabria,0,not_olive_like,0.933221360110136
OVR2_0336,96e7867e-b736-4eb0-ab3b-2c940d9f915e,96e7867e-b736-4eb0-ab3b-2c940d9f915e,north_calabria,0,not_olive_like,0.691683447112837
OVR2_0104,9f80206c-2d6c-4c7c-8617-04b871e9d633,9f80206c-2d6c-4c7c-8617-04b871e9d633,north_calabria,0,not_olive_like,1.5072225751595
OVR2_0325,a94547ee-1f33-4fb7-844b-410d7eaa72ef,a94547ee-1f33-4fb7-844b-410d7eaa72ef,north_calabria,0,not_olive_like,0.876969194089563
OVR2_0021,aa69dc98-9130-4971-ae9b-91fb5718e3dc,aa69dc98-9130-4971-ae9b-91fb5718e3dc,north_calabria,0,not_olive_like,3.66112450462403
OVR2_0025,afdc270f-1f2f-4cd2-9bf9-ef5d6356b109,afdc270f-1f2f-4cd2-9bf9-ef5d6356b109,north_calabria,0,not_olive_like,0.986473353903481
OVR2_0368,aff9b927-4df9-4db5-a7d8-204282dc0442,aff9b927-4df9-4db5-a7d8-204282dc0442,north_calabria,0,not_olive_like,3.94734190204356
OVR2_0189,b429426c-78e9-4195-8107-28ac93dc95ef,b429426c-78e9-4195-8107-28ac93dc95ef,north_calabria,0,not_olive_like,1.68998014120685
OVR2_0331,b5384a2e-fe82-4fcf-a7df-032c096860ee,b5384a2e-fe82-4fcf-a7df-032c096860ee,north_calabria,0,not_olive_like,0.72809633838055
OVR2_0072,b59afa5f-8122-4850-87a0-7e123a951688,b59afa5f-8122-4850-87a0-7e123a951688,north_calabria,0,not_olive_like,1.64371410395095
OVR2_0028,b8d127d2-b0e8-4647-974a-043fb45bd0bb,b8d127d2-b0e8-4647-974a-043fb45bd0bb,north_calabria,0,not_olive_like,2.59813245487452
OVR2_0260,bb47584f-0e12-4ef7-a19b-4d232e72b7e9,bb47584f-0e12-4ef7-a19b-4d232e72b7e9,north_calabria,0,not_olive_like,6.05289537485197
OVR2_0183,c05b1454-43e1-4df2-b82a-8333613732d9,c05b1454-43e1-4df2-b82a-8333613732d9,north_calabria,0,not_olive_like,0.608380793027077
OVR2_0409,c3c90121-6715-42c6-90f0-991cef731f26,c3c90121-6715-42c6-90f0-991cef731f26,north_calabria,0,not_olive_like,5.35131684287887
OVR2_0066,c7ca7365-b7b5-4244-b8d6-eef45842dee4,c7ca7365-b7b5-4244-b8d6-eef45842dee4,north_calabria,0,not_olive_like,1.3580105519037
OVR2_0031,cd7618b2-e0c3-4e36-84d0-bab75b172a09,cd7618b2-e0c3-4e36-84d0-bab75b172a09,north_calabria,0,not_olive_like,7.53070016678968
OVR2_0159,d11166b9-8885-4dfe-a3a6-f12852fe41ba,d11166b9-8885-4dfe-a3a6-f12852fe41ba,north_calabria,0,not_olive_like,1.32101754349047
OVR2_0399,d2383140-0843-4e07-b70c-f4accc9159a7,d2383140-0843-4e07-b70c-f4accc9159a7,north_calabria,0,not_olive_like,2.01455218984152
OVR2_0168,d580fabe-7af8-4733-bda7-a855966d163e,d580fabe-7af8-4733-bda7-a855966d163e,north_calabria,0,not_olive_like,3.2938692189929
OVR2_0060,e219b958-05d2-498a-850a-3f055f1f3c57,e219b958-05d2-498a-850a-3f055f1f3c57,north_calabria,0,not_olive_like,2.29202904590782
OVR2_0322,ecec9225-22ec-4738-b0f5-a8031439cee2,ecec9225-22ec-4738-b0f5-a8031439cee2,north_calabria,0,not_olive_like,0.83061961978355
OVR2_0111,ee661ac0-e1b6-47d3-87ec-f86f7a6cc806,ee661ac0-e1b6-47d3-87ec-f86f7a6cc806,north_calabria,0,not_olive_like,1.26942813637703
OVR2_0333,ef1b2d1d-08ae-4d39-8e19-897bcc66e9bd,ef1b2d1d-08ae-4d39-8e19-897bcc66e9bd,north_calabria,0,not_olive_like,0.637801384555193
OVR2_0192,ef355117-1784-4646-8889-84be3f43b197,ef355117-1784-4646-8889-84be3f43b197,north_calabria,0,not_olive_like,0.505931839296674
OVR2_0039,f2c013ae-0e7c-4c72-be43-6bf679a6466c,f2c013ae-0e7c-4c72-be43-6bf679a6466c,north_calabria,0,not_olive_like,0.839083920550157
OVR2_0022,f74340c1-e9c0-4ca8-bba7-23dc781ba445,f74340c1-e9c0-4ca8-bba7-23dc781ba445,north_calabria,0,not_olive_like,2.16958749564625
OVR2_0191,fbc95eca-e780-49e2-9135-a07bfe4a75a7,fbc95eca-e780-49e2-9135-a07bfe4a75a7,north_calabria,0,not_olive_like,1.14635744573541
OVR2_0303,007abe55-e5c6-4770-8aa1-9a44b56118d1,007abe55-e5c6-4770-8aa1-9a44b56118d1,north_calabria,1,olive_like,0.942079855524793
OVR2_0056,0125be16-f40c-41ac-8672-9d2bd49b8330,0125be16-f40c-41ac-8672-9d2bd49b8330,north_calabria,1,olive_like,36.7883085892586
OVR2_0172,01375f8d-1b47-4577-8fbb-267c9741fec8,01375f8d-1b47-4577-8fbb-267c9741fec8,north_calabria,1,olive_like,1.23577675126473
OVR2_0206,0178afdd-dc28-4c5a-9db0-cf2560762c21,0178afdd-dc28-4c5a-9db0-cf2560762c21,north_calabria,1,olive_like,0.827323514012918
OVR2_0349,0651ef0e-b828-406a-947e-f6b311c8d2fe,0651ef0e-b828-406a-947e-f6b311c8d2fe,north_calabria,1,olive_like,0.838670958603787
OVR2_0058,06da04de-4550-495c-9e75-f936a2c36b47,06da04de-4550-495c-9e75-f936a2c36b47,north_calabria,1,olive_like,1.00440294875573
OVR2_0018,0732c236-15e5-45ab-a8b8-1401bb532ae8,0732c236-15e5-45ab-a8b8-1401bb532ae8,north_calabria,1,olive_like,2.95253859395053
OVR2_0203,0748a84b-5fc8-4728-a099-572f6b022b72,0748a84b-5fc8-4728-a099-572f6b022b72,north_calabria,1,olive_like,1.28079445843727
OVR2_0193,077a22c8-0019-400b-9000-1f39cc5d0b39,077a22c8-0019-400b-9000-1f39cc5d0b39,north_calabria,1,olive_like,2.08920917625246
OVR2_0178,07be58b6-ef77-4aae-9631-45856f71660d,07be58b6-ef77-4aae-9631-45856f71660d,north_calabria,1,olive_like,0.812329746711063
OVR2_0166,09a49418-d48b-40a9-abb6-8f0da5637e75,09a49418-d48b-40a9-abb6-8f0da5637e75,north_calabria,1,olive_like,1.0748372251761
OVR2_0048,0c3ef04e-773b-432e-98de-dfda0db083c6,0c3ef04e-773b-432e-98de-dfda0db083c6,north_calabria,1,olive_like,4.82278822347061
OVR2_0340,0d70d971-b04e-4c14-8f58-96d3af297c10,0d70d971-b04e-4c14-8f58-96d3af297c10,north_calabria,1,olive_like,0.828916001789306
OVR2_0212,10043020-6379-40ee-b6fb-50cba1f39c71,10043020-6379-40ee-b6fb-50cba1f39c71,north_calabria,1,olive_like,7.03495805569629
OVR2_0145,1084cbf8-b18a-4e34-a7c5-a824e63a55e1,1084cbf8-b18a-4e34-a7c5-a824e63a55e1,north_calabria,1,olive_like,1.44043668635248
OVR2_0127,10c43020-8cd0-41d5-ad2f-c887e5806535,10c43020-8cd0-41d5-ad2f-c887e5806535,north_calabria,1,olive_like,0.906779410440077
OVR2_0033,11553afb-2509-432d-aa21-5c1185c9c4a3,11553afb-2509-432d-aa21-5c1185c9c4a3,north_calabria,1,olive_like,124.240170146199
OVR2_0360,12acd1cf-dd01-453b-afb8-aebeffae6577,12acd1cf-dd01-453b-afb8-aebeffae6577,north_calabria,1,olive_like,3.77672100511432
OVR2_0307,1385529a-1392-436d-9ac0-02421c7c3729,1385529a-1392-436d-9ac0-02421c7c3729,north_calabria,1,olive_like,0.912193157523291
OVR2_0132,14b011ae-c028-4515-82b2-cd39996d7a33,14b011ae-c028-4515-82b2-cd39996d7a33,north_calabria,1,olive_like,2.90041996134328
OVR2_0131,156c4f03-a080-456f-a61e-7f322628ebac,156c4f03-a080-456f-a61e-7f322628ebac,north_calabria,1,olive_like,0.725372267171069
OVR2_0076,166368a4-21e1-422f-98f6-3f9f651a8e36,166368a4-21e1-422f-98f6-3f9f651a8e36,north_calabria,1,olive_like,5.72234373741479
OVR2_0110,17291e32-3365-4f35-8ca4-4734c10f3cca,17291e32-3365-4f35-8ca4-4734c10f3cca,north_calabria,1,olive_like,1.10326581257979
OVR2_0327,18e2d9e8-6f8e-43c4-9542-0f63b3729bd2,18e2d9e8-6f8e-43c4-9542-0f63b3729bd2,north_calabria,1,olive_like,0.607561572464446
OVR2_0023,1a598ff1-1141-4d45-a696-00ecc9d2eb25,1a598ff1-1141-4d45-a696-00ecc9d2eb25,north_calabria,1,olive_like,0.955293931050833
OVR2_0052,1ccaf99d-d14a-4094-87f1-c25730f927d8,1ccaf99d-d14a-4094-87f1-c25730f927d8,north_calabria,1,olive_like,1.52096735159193
OVR2_0122,1dae1cc8-9433-4596-9783-b0603717dba7,1dae1cc8-9433-4596-9783-b0603717dba7,north_calabria,1,olive_like,1.01870501611205
OVR2_0245,1f65d9d2-af2b-4f2c-94e8-28edff449ec0,1f65d9d2-af2b-4f2c-94e8-28edff449ec0,north_calabria,1,olive_like,6.51478851024047
OVR2_0045,208f5adc-6851-4b9a-8ddb-0c15e4c76e8c,208f5adc-6851-4b9a-8ddb-0c15e4c76e8c,north_calabria,1,olive_like,2.40100882991197
OVR2_0298,2382ef96-5c32-427e-afaa-2fb95e3feaae,2382ef96-5c32-427e-afaa-2fb95e3feaae,north_calabria,1,olive_like,0.98513432392966
OVR2_0067,23fd7b49-5f72-43c7-b44b-efdc9c82720f,23fd7b49-5f72-43c7-b44b-efdc9c82720f,north_calabria,1,olive_like,1.38415144171004
OVR2_0094,25468458-e458-4620-a513-b5125d0a1c00,25468458-e458-4620-a513-b5125d0a1c00,north_calabria,1,olive_like,1.72799263657531
OVR2_0003,25b193c3-7321-4092-92d5-0d9ac46bbcab,25b193c3-7321-4092-92d5-0d9ac46bbcab,north_calabria,1,olive_like,2.89199478838565
OVR2_0112,25dc774a-34ae-48d7-ab92-caf34852d21b,25dc774a-34ae-48d7-ab92-caf34852d21b,north_calabria,1,olive_like,11.4656701697617
OVR2_0348,286a95e9-206b-4925-8304-21182e129a45,286a95e9-206b-4925-8304-21182e129a45,north_calabria,1,olive_like,0.795886377935965
OVR2_0386,293587f3-cf98-4e78-a782-cac355237d88,293587f3-cf98-4e78-a782-cac355237d88,north_calabria,1,olive_like,8.25494602732414
OVR2_0201,2dbaefcf-ec49-4c81-9bb3-d0a33360de7a,2dbaefcf-ec49-4c81-9bb3-d0a33360de7a,north_calabria,1,olive_like,0.989087575754426
OVR2_0116,2fe533aa-a325-4ce8-96d4-01412b32ef1d,2fe533aa-a325-4ce8-96d4-01412b32ef1d,north_calabria,1,olive_like,1.28071458481498
OVR2_0187,33128212-182b-4dee-9028-69d453e644ca,33128212-182b-4dee-9028-69d453e644ca,north_calabria,1,olive_like,1.7214316375234
OVR2_0087,353900eb-844b-4f8a-9344-3210e5c02b65,353900eb-844b-4f8a-9344-3210e5c02b65,north_calabria,1,olive_like,0.804970018089034
OVR2_0175,3af5b248-6783-4142-b9c2-9e1ce8b9fba7,3af5b248-6783-4142-b9c2-9e1ce8b9fba7,north_calabria,1,olive_like,1.37167610549707
OVR2_0204,3c83ff0e-8a32-46ff-96b7-eb031d477178,3c83ff0e-8a32-46ff-96b7-eb031d477178,north_calabria,1,olive_like,2.37211961151111
OVR2_0156,3cecd09e-14e4-4291-92f0-929f6d8f09e6,3cecd09e-14e4-4291-92f0-929f6d8f09e6,north_calabria,1,olive_like,1.0264404074817
OVR2_0176,3dddcf51-365c-4ab4-b911-1ea05f2fa911,3dddcf51-365c-4ab4-b911-1ea05f2fa911,north_calabria,1,olive_like,0.929532803483292
OVR2_0096,3f325802-20ec-46e8-b0be-fc65ce515648,3f325802-20ec-46e8-b0be-fc65ce515648,north_calabria,1,olive_like,4.51957235932458
OVR2_0073,40292ea6-7755-4f97-8e8c-9346562dc6e7,40292ea6-7755-4f97-8e8c-9346562dc6e7,north_calabria,1,olive_like,1.55141296618167
OVR2_0267,41721387-75f4-40cd-ae48-ee1cf3f90d92,41721387-75f4-40cd-ae48-ee1cf3f90d92,north_calabria,1,olive_like,21.4148641498163
OVR2_0041,4351489a-9018-4259-b4bc-346c31c18754,4351489a-9018-4259-b4bc-346c31c18754,north_calabria,1,olive_like,5.57768917778877
OVR2_0130,43f09e2d-95e5-47f6-8f2a-88f367506cfb,43f09e2d-95e5-47f6-8f2a-88f367506cfb,north_calabria,1,olive_like,1.06333115783484
OVR2_0043,44aa22d9-54e4-4ac9-b75b-64ddaccdfc5c,44aa22d9-54e4-4ac9-b75b-64ddaccdfc5c,north_calabria,1,olive_like,9.33364042755835
OVR2_0219,4518b2a7-3341-40d5-8b93-720efe4f5af7,4518b2a7-3341-40d5-8b93-720efe4f5af7,north_calabria,1,olive_like,61.2012795445652
OVR2_0136,466946c4-5b48-4854-8863-f240946db251,466946c4-5b48-4854-8863-f240946db251,north_calabria,1,olive_like,0.581258119638854
OVR2_0005,47069a53-e55c-4ff5-8e61-a0da4949e717,47069a53-e55c-4ff5-8e61-a0da4949e717,north_calabria,1,olive_like,6.52843254832397
OVR2_0004,49d298d1-8946-4ed9-b400-c13295ce0a06,49d298d1-8946-4ed9-b400-c13295ce0a06,north_calabria,1,olive_like,35.9057213684433
OVR2_0099,4b48dc69-2361-49b7-a1be-93f05a6feed0,4b48dc69-2361-49b7-a1be-93f05a6feed0,north_calabria,1,olive_like,4.92043834120926
OVR2_0121,4b5b5951-5f78-4e4c-a3f7-8957955eb401,4b5b5951-5f78-4e4c-a3f7-8957955eb401,north_calabria,1,olive_like,314.0052084071
OVR2_0006,4c3544d7-edfd-4ef2-96d3-08fd57b82df2,4c3544d7-edfd-4ef2-96d3-08fd57b82df2,north_calabria,1,olive_like,1.57570803177164
OVR2_0059,4d3d8189-846d-4636-9f95-4da9ea3ddaf3,4d3d8189-846d-4636-9f95-4da9ea3ddaf3,north_calabria,1,olive_like,23.0045358489551
OVR2_0280,522b3ace-ffbc-4189-855c-4e38f7e1c0e8,522b3ace-ffbc-4189-855c-4e38f7e1c0e8,north_calabria,1,olive_like,5.23416306264991
OVR2_0054,540db45a-6e4f-41bc-b43e-74cc6671dcf7,540db45a-6e4f-41bc-b43e-74cc6671dcf7,north_calabria,1,olive_like,2.82403165160547
OVR2_0208,540e37ec-4c18-488a-8ff9-b27792319dea,540e37ec-4c18-488a-8ff9-b27792319dea,north_calabria,1,olive_like,1.05619344155595
OVR2_0338,5767a739-1a36-480b-91b5-33560f263ecb,5767a739-1a36-480b-91b5-33560f263ecb,north_calabria,1,olive_like,0.758605332953082
OVR2_0115,57dd2517-feb6-4320-9be4-07cfcbe88788,57dd2517-feb6-4320-9be4-07cfcbe88788,north_calabria,1,olive_like,3.77594736698952
OVR2_0012,58397a42-9e87-4e0f-911e-3e07dd5e286b,58397a42-9e87-4e0f-911e-3e07dd5e286b,north_calabria,1,olive_like,18.4627892048093
OVR2_0332,5a443163-b947-4d8b-abb8-607c3de64f65,5a443163-b947-4d8b-abb8-607c3de64f65,north_calabria,1,olive_like,0.972146562260869
OVR2_0356,5fb33722-941e-4414-b660-41dae7c799d0,5fb33722-941e-4414-b660-41dae7c799d0,north_calabria,1,olive_like,2.72588522732893
OVR2_0143,6010f5ea-4e98-4b6c-89cf-795a2972d572,6010f5ea-4e98-4b6c-89cf-795a2972d572,north_calabria,1,olive_like,3.93748939768643
OVR2_0385,616aa639-ebe0-47d0-953e-f93292e7e6a4,616aa639-ebe0-47d0-953e-f93292e7e6a4,north_calabria,1,olive_like,7.00512510319838
OVR2_0277,61f3e2a3-ff74-417f-a5f7-34f41ecb92b7,61f3e2a3-ff74-417f-a5f7-34f41ecb92b7,north_calabria,1,olive_like,5.48901870762482
OVR2_0019,628b71bd-3e00-4674-91a5-83d029a5dc6c,628b71bd-3e00-4674-91a5-83d029a5dc6c,north_calabria,1,olive_like,7.93115591444982
OVR2_0254,6290bcc7-8822-4fbd-9a3e-359c48042e43,6290bcc7-8822-4fbd-9a3e-359c48042e43,north_calabria,1,olive_like,6.88030948112156
OVR2_0361,62c0e54f-a75c-4336-9b09-22a85271ce7a,62c0e54f-a75c-4336-9b09-22a85271ce7a,north_calabria,1,olive_like,10.1524419037718
OVR2_0182,6361a398-edfb-44d8-87d0-890e5831efe8,6361a398-edfb-44d8-87d0-890e5831efe8,north_calabria,1,olive_like,0.838660544606388
OVR2_0089,654ca8d8-8f8c-4145-867b-f9b1fbb9a800,654ca8d8-8f8c-4145-867b-f9b1fbb9a800,north_calabria,1,olive_like,7.04960567166342
OVR2_0119,65b4abd5-f277-42dd-84b5-a21aba38ce6a,65b4abd5-f277-42dd-84b5-a21aba38ce6a,north_calabria,1,olive_like,2.40017544404885
OVR2_0326,65f57ee2-d28a-4c9d-8b22-39209787915b,65f57ee2-d28a-4c9d-8b22-39209787915b,north_calabria,1,olive_like,0.923812164642779
OVR2_0295,66144fe3-4232-4714-9dff-c46f5e3c099e,66144fe3-4232-4714-9dff-c46f5e3c099e,north_calabria,1,olive_like,0.585319132922935
OVR2_0410,666d1cf0-b4b4-42a3-90a5-b81e71c94f32,666d1cf0-b4b4-42a3-90a5-b81e71c94f32,north_calabria,1,olive_like,1.64638321239137
OVR2_0097,6851ed58-e41f-41ef-ac05-4bd21e647e0e,6851ed58-e41f-41ef-ac05-4bd21e647e0e,north_calabria,1,olive_like,2.29387551678685
OVR2_0194,6c5bf88a-b372-4589-9759-765268d97cc5,6c5bf88a-b372-4589-9759-765268d97cc5,north_calabria,1,olive_like,0.765157575650436
OVR2_0196,6c5d511f-9f02-476b-a1c0-7927da590e7f,6c5d511f-9f02-476b-a1c0-7927da590e7f,north_calabria,1,olive_like,0.835549960087691
OVR2_0155,6f9d8733-b651-4876-bc56-2e695e15f180,6f9d8733-b651-4876-bc56-2e695e15f180,north_calabria,1,olive_like,1.61243821264909
OVR2_0017,70595d37-a931-4a8f-876d-5e9b17e31b19,70595d37-a931-4a8f-876d-5e9b17e31b19,north_calabria,1,olive_like,5.48441563717869
OVR2_0200,708f42b5-7ca0-48b3-afae-cecfa0bc8baf,708f42b5-7ca0-48b3-afae-cecfa0bc8baf,north_calabria,1,olive_like,1.23604799572955
OVR2_0342,70f5b4ba-f5f3-4a78-98eb-1afd97217566,70f5b4ba-f5f3-4a78-98eb-1afd97217566,north_calabria,1,olive_like,0.786835523915568
OVR2_0165,71b30008-50e2-4e98-bde7-b64ef5bf8c5a,71b30008-50e2-4e98-bde7-b64ef5bf8c5a,north_calabria,1,olive_like,3.56310282346524
OVR2_0158,7450549a-5f95-4b9b-b230-e953fd447591,7450549a-5f95-4b9b-b230-e953fd447591,north_calabria,1,olive_like,2.04278506115187
OVR2_0184,766bfa3d-19b3-48c3-8b26-ec93967da0d7,766bfa3d-19b3-48c3-8b26-ec93967da0d7,north_calabria,1,olive_like,0.831657280036672
OVR2_0335,7852a9e9-3a5a-474e-ac44-f258f111a45e,7852a9e9-3a5a-474e-ac44-f258f111a45e,north_calabria,1,olive_like,0.694268457225547
OVR2_0086,78c51236-c752-44bd-a650-1218f7d427b2,78c51236-c752-44bd-a650-1218f7d427b2,north_calabria,1,olive_like,1.39910394461227
OVR2_0091,78fa3fea-5372-412a-bf86-17f0caf22d17,78fa3fea-5372-412a-bf86-17f0caf22d17,north_calabria,1,olive_like,25.8115740118446
OVR2_0029,7f8bee06-88a0-4032-b52d-599d865dc959,7f8bee06-88a0-4032-b52d-599d865dc959,north_calabria,1,olive_like,2.17133754585813
OVR2_0292,802e9b17-1386-4f77-ae08-c78923d88f86,802e9b17-1386-4f77-ae08-c78923d88f86,north_calabria,1,olive_like,0.812267497658233
OVR2_0084,84c4cf6a-2dc4-4be8-a64d-a699c74b54ef,84c4cf6a-2dc4-4be8-a64d-a699c74b54ef,north_calabria,1,olive_like,1.15061760095137
OVR2_0101,877127cc-cf5c-4e77-bb6f-6cd92c61a6ab,877127cc-cf5c-4e77-bb6f-6cd92c61a6ab,north_calabria,1,olive_like,16.4088498599592
OVR2_0118,8afdfe88-df3a-4cf3-a620-0d88824cad1a,8afdfe88-df3a-4cf3-a620-0d88824cad1a,north_calabria,1,olive_like,1.05417024326088
OVR2_0344,8dd720ca-7ef2-4a42-a907-9e50e3a89b78,8dd720ca-7ef2-4a42-a907-9e50e3a89b78,north_calabria,1,olive_like,0.8031342716728
OVR2_0352,8e7518fc-9c42-4ea5-9c23-753ab43da34d,8e7518fc-9c42-4ea5-9c23-753ab43da34d,north_calabria,1,olive_like,1.15224520545699
OVR2_0034,8fa153fe-f2c9-4636-91d8-e695b8b2ce5e,8fa153fe-f2c9-4636-91d8-e695b8b2ce5e,north_calabria,1,olive_like,11.6809124486642
OVR2_0346,91559072-f10a-4fb0-a920-35da4cb5cbe3,91559072-f10a-4fb0-a920-35da4cb5cbe3,north_calabria,1,olive_like,0.515771539133761
OVR2_0007,93885e13-ec14-44b5-bdae-9390be5f4219,93885e13-ec14-44b5-bdae-9390be5f4219,north_calabria,1,olive_like,0.933293136387308
OVR2_0312,957e4b55-0826-41e9-85d2-a9c01aa7e40e,957e4b55-0826-41e9-85d2-a9c01aa7e40e,north_calabria,1,olive_like,0.798518688529155
OVR2_0266,9695e0c3-7854-48f0-b91b-de4170c89121,9695e0c3-7854-48f0-b91b-de4170c89121,north_calabria,1,olive_like,9.3501307132958
OVR2_0480,96c7776e-f064-427f-9235-64aad9297372,96c7776e-f064-427f-9235-64aad9297372,north_calabria,1,olive_like,0.763952204515801
OVR2_0074,979178c7-02ee-47cf-a7d6-209464f6e28c,979178c7-02ee-47cf-a7d6-209464f6e28c,north_calabria,1,olive_like,1.46699753147385
OVR2_0150,99244ff7-3f7a-453f-a95c-cfc3642d8512,99244ff7-3f7a-453f-a95c-cfc3642d8512,north_calabria,1,olive_like,1.42731988896364
OVR2_0133,9973e792-6cfb-4fc4-ae5b-77ed77e28a23,9973e792-6cfb-4fc4-ae5b-77ed77e28a23,north_calabria,1,olive_like,1.56919473688794
OVR2_0157,9a08f338-717e-4938-bcbf-972731607099,9a08f338-717e-4938-bcbf-972731607099,north_calabria,1,olive_like,1.27767432110263
OVR2_0167,9a9db2db-6424-43d2-8505-3cc1848e2f93,9a9db2db-6424-43d2-8505-3cc1848e2f93,north_calabria,1,olive_like,5.87853336072315
OVR2_0210,9c7a7513-57ee-475c-8dfe-8d191346776e,9c7a7513-57ee-475c-8dfe-8d191346776e,north_calabria,1,olive_like,10.9325815316918
OVR2_0013,9cc9f9c8-580c-4d62-815a-52c317f78356,9cc9f9c8-580c-4d62-815a-52c317f78356,north_calabria,1,olive_like,1.47856036515277
OVR2_0238,9f2bd7ed-ff83-47ac-bfe8-d6ee9881caf9,9f2bd7ed-ff83-47ac-bfe8-d6ee9881caf9,north_calabria,1,olive_like,9.08313389328486
OVR2_0405,9f52ef20-43a0-4317-8261-106c60401b46,9f52ef20-43a0-4317-8261-106c60401b46,north_calabria,1,olive_like,6.07924374150055
OVR2_0161,9f631d74-d0b1-46f3-9263-cfaeef2a39d9,9f631d74-d0b1-46f3-9263-cfaeef2a39d9,north_calabria,1,olive_like,0.526684377114318
OVR2_0373,9fa83047-2f86-4b8c-8783-d1c70254335f,9fa83047-2f86-4b8c-8783-d1c70254335f,north_calabria,1,olive_like,2.58626040686997
OVR2_0237,a1224f1a-2282-414e-ad9c-0e196da6ed65,a1224f1a-2282-414e-ad9c-0e196da6ed65,north_calabria,1,olive_like,24.2910268663349
OVR2_0126,a131c4aa-d996-4566-900b-2010212c1534,a131c4aa-d996-4566-900b-2010212c1534,north_calabria,1,olive_like,0.669357277127718
OVR2_0071,a29a8a51-5e67-429c-b788-179ef6e8621d,a29a8a51-5e67-429c-b788-179ef6e8621d,north_calabria,1,olive_like,8.35234758527407
OVR2_0138,a32fa40f-1ea0-4454-940c-f0dd8d1d6c39,a32fa40f-1ea0-4454-940c-f0dd8d1d6c39,north_calabria,1,olive_like,3.63900473050386
OVR2_0174,a72b1053-9fe7-4ef1-b39d-cbc70448fe9b,a72b1053-9fe7-4ef1-b39d-cbc70448fe9b,north_calabria,1,olive_like,0.61198275632118
OVR2_0186,a8f35e4c-f66e-4b7f-85a5-717cef058ee5,a8f35e4c-f66e-4b7f-85a5-717cef058ee5,north_calabria,1,olive_like,1.1298134404877
OVR2_0092,aa40a674-2e73-4f9e-a95a-a33774a44093,aa40a674-2e73-4f9e-a95a-a33774a44093,north_calabria,1,olive_like,5.58492320484424
OVR2_0289,aa873def-de9a-4c48-9bd9-dbcc64c3d434,aa873def-de9a-4c48-9bd9-dbcc64c3d434,north_calabria,1,olive_like,8.20475641623857
OVR2_0079,aafefe00-0ac4-45e8-9968-f0ff9448e0f2,aafefe00-0ac4-45e8-9968-f0ff9448e0f2,north_calabria,1,olive_like,0.773786868818549
OVR2_0381,ab616ee7-1423-470e-8ec2-0e6096518011,ab616ee7-1423-470e-8ec2-0e6096518011,north_calabria,1,olive_like,2.00923680160501
OVR2_0077,acf6f595-5139-4b76-ab28-b5a864e0f41f,acf6f595-5139-4b76-ab28-b5a864e0f41f,north_calabria,1,olive_like,1.53786521158264
OVR2_0032,ad4c6519-5da8-4b7b-a7c4-f54463229092,ad4c6519-5da8-4b7b-a7c4-f54463229092,north_calabria,1,olive_like,2.61220909305101
OVR2_0160,b0e1c106-ec2e-416f-a65b-08a4124a0769,b0e1c106-ec2e-416f-a65b-08a4124a0769,north_calabria,1,olive_like,15.2782408483982
OVR2_0047,b1789587-5b2f-4183-8766-1ff749d9f4e0,b1789587-5b2f-4183-8766-1ff749d9f4e0,north_calabria,1,olive_like,2.06485080079029
OVR2_0398,b26a3a0b-2742-45b7-8cf7-94457d227e98,b26a3a0b-2742-45b7-8cf7-94457d227e98,north_calabria,1,olive_like,2.16849669633171
OVR2_0343,b2c8612f-91d2-46fc-9074-133c2c48c499,b2c8612f-91d2-46fc-9074-133c2c48c499,north_calabria,1,olive_like,0.849806048707578
OVR2_0144,b34c8637-c05a-4874-b100-e5678bfa61fc,b34c8637-c05a-4874-b100-e5678bfa61fc,north_calabria,1,olive_like,9.08267053360303
OVR2_0181,b610ec08-6416-4812-9e6b-1fbb2b84b6e3,b610ec08-6416-4812-9e6b-1fbb2b84b6e3,north_calabria,1,olive_like,3.13169148895086
OVR2_0113,b62a8fc4-17bc-4b90-abe6-975e87963dc6,b62a8fc4-17bc-4b90-abe6-975e87963dc6,north_calabria,1,olive_like,1.64543864949725
OVR2_0055,b63e283a-af95-43c2-9658-00391011628d,b63e283a-af95-43c2-9658-00391011628d,north_calabria,1,olive_like,3.82712624639493
OVR2_0088,b76c53ef-8cba-4f1d-b58e-9f9cfe600ae0,b76c53ef-8cba-4f1d-b58e-9f9cfe600ae0,north_calabria,1,olive_like,1.05355303767059
OVR2_0105,b95ca791-e41f-48c7-be35-7a3fcd83a366,b95ca791-e41f-48c7-be35-7a3fcd83a366,north_calabria,1,olive_like,231.062286801029
OVR2_0382,ba24e946-3224-458f-bfcc-73c50116aff7,ba24e946-3224-458f-bfcc-73c50116aff7,north_calabria,1,olive_like,7.01339477090478
OVR2_0140,ba491d00-0443-433e-9794-47c5a2d9b298,ba491d00-0443-433e-9794-47c5a2d9b298,north_calabria,1,olive_like,0.860973672984567
OVR2_0042,bc39d7aa-5747-447a-95d0-39dca5b36829,bc39d7aa-5747-447a-95d0-39dca5b36829,north_calabria,1,olive_like,2.22437385694863
OVR2_0162,bc3c4e4c-5bd4-4752-9499-cef599ca7fc3,bc3c4e4c-5bd4-4752-9499-cef599ca7fc3,north_calabria,1,olive_like,2.0111676638729
OVR2_0308,bcc12f4c-190e-4aae-a69a-007cc8c3f423,bcc12f4c-190e-4aae-a69a-007cc8c3f423,north_calabria,1,olive_like,0.858045605241122
OVR2_0102,bd84daa4-bb3c-4a5e-9182-1f14224b9e30,bd84daa4-bb3c-4a5e-9182-1f14224b9e30,north_calabria,1,olive_like,1.28800912092786
OVR2_0153,be4b9101-295d-4067-a7fa-c376e4967524,be4b9101-295d-4067-a7fa-c376e4967524,north_calabria,1,olive_like,1.24543779067597
OVR2_0009,bef24b6d-8fca-4974-b35c-a6fb15e0ee02,bef24b6d-8fca-4974-b35c-a6fb15e0ee02,north_calabria,1,olive_like,1.65666281505992
OVR2_0273,bf430b5f-dec6-4c64-a93e-a3f994f67a19,bf430b5f-dec6-4c64-a93e-a3f994f67a19,north_calabria,1,olive_like,8.25321751465693
OVR2_0129,bfdd5d20-8bdc-42ad-8dde-ffb9800c4852,bfdd5d20-8bdc-42ad-8dde-ffb9800c4852,north_calabria,1,olive_like,4.72172338332578
OVR2_0270,c10a885b-8af8-4f83-8593-7b96b5841ffd,c10a885b-8af8-4f83-8593-7b96b5841ffd,north_calabria,1,olive_like,32.9890968600074
OVR2_0324,c25e2445-db4b-415e-9d06-9651e5511705,c25e2445-db4b-415e-9d06-9651e5511705,north_calabria,1,olive_like,0.869054914290158
OVR2_0378,c6773848-af01-47ee-89f2-5aea394ef2df,c6773848-af01-47ee-89f2-5aea394ef2df,north_calabria,1,olive_like,41.5132687877581
OVR2_0241,c72941a3-dc5f-4bd2-b83c-821ad895b90d,c72941a3-dc5f-4bd2-b83c-821ad895b90d,north_calabria,1,olive_like,33.87717977185
OVR2_0070,c821c208-d055-4990-b43e-a02a7e7c95b3,c821c208-d055-4990-b43e-a02a7e7c95b3,north_calabria,1,olive_like,1.82986768008665
OVR2_0061,c880448d-4946-4792-8f22-15bdc72d4224,c880448d-4946-4792-8f22-15bdc72d4224,north_calabria,1,olive_like,1.32866514791055
OVR2_0064,c89ce338-60b3-40e1-a14d-f118aa9b949c,c89ce338-60b3-40e1-a14d-f118aa9b949c,north_calabria,1,olive_like,2.1667040434297
OVR2_0379,cca25d56-750b-475a-833d-a8be0d425c2a,cca25d56-750b-475a-833d-a8be0d425c2a,north_calabria,1,olive_like,2.80928031336152
OVR2_0051,cd3ec7df-fced-4dfb-ad06-094c65770782,cd3ec7df-fced-4dfb-ad06-094c65770782,north_calabria,1,olive_like,1.08834553426383
OVR2_0078,ce1d4a2a-5f31-4ac0-a2b6-91a606ddd2b1,ce1d4a2a-5f31-4ac0-a2b6-91a606ddd2b1,north_calabria,1,olive_like,3.63487145127027
OVR2_0027,ce3b116f-a84a-43d0-8b26-6986d001c4a6,ce3b116f-a84a-43d0-8b26-6986d001c4a6,north_calabria,1,olive_like,0.885007686039913
OVR2_0354,d00f4b52-dd1a-4a88-ab34-433baf10e6bc,d00f4b52-dd1a-4a88-ab34-433baf10e6bc,north_calabria,1,olive_like,19.9873222936295
OVR2_0082,d07199dd-43a6-4336-8eb9-156d48417701,d07199dd-43a6-4336-8eb9-156d48417701,north_calabria,1,olive_like,1.97449266919987
OVR2_0040,d194620e-7f10-4163-b055-c5861c64427c,d194620e-7f10-4163-b055-c5861c64427c,north_calabria,1,olive_like,5.46407569407611
OVR2_0008,d23e6bcd-12be-4847-ae22-835bacf10787,d23e6bcd-12be-4847-ae22-835bacf10787,north_calabria,1,olive_like,1.88757376586272
OVR2_0263,d3477389-7d24-4796-ac3c-0deba52b5dd1,d3477389-7d24-4796-ac3c-0deba52b5dd1,north_calabria,1,olive_like,20.3638857485674
OVR2_0069,d4a2bba7-2777-47df-8d2c-5cf093093e9e,d4a2bba7-2777-47df-8d2c-5cf093093e9e,north_calabria,1,olive_like,113.115643406649
OVR2_0244,d50cdff3-1ac0-46ba-a31f-b45eca251ed2,d50cdff3-1ac0-46ba-a31f-b45eca251ed2,north_calabria,1,olive_like,6.95731499529137
OVR2_0103,d640aa56-1b42-4a72-9335-7b5b23c6cf82,d640aa56-1b42-4a72-9335-7b5b23c6cf82,north_calabria,1,olive_like,3.16985341155213
OVR2_0209,d66eb470-eaee-45a7-b109-29fdfd333c61,d66eb470-eaee-45a7-b109-29fdfd333c61,north_calabria,1,olive_like,0.683362088709239
OVR2_0302,d67caef6-700f-4655-93fc-85bdcf49694a,d67caef6-700f-4655-93fc-85bdcf49694a,north_calabria,1,olive_like,0.789923011561654
OVR2_0284,d6996345-a922-452a-9c41-636c696864e0,d6996345-a922-452a-9c41-636c696864e0,north_calabria,1,olive_like,6.12812481160234
OVR2_0288,d6fb84e3-b184-4417-b140-23637d276e71,d6fb84e3-b184-4417-b140-23637d276e71,north_calabria,1,olive_like,11.8053363384017
OVR2_0230,d7d5c207-c390-4ca1-a593-8896d60af80d,d7d5c207-c390-4ca1-a593-8896d60af80d,north_calabria,1,olive_like,18.7439608372179
OVR2_0169,d94001e3-f949-4b70-b12f-8250fae9236d,d94001e3-f949-4b70-b12f-8250fae9236d,north_calabria,1,olive_like,0.768161009854961
OVR2_0035,d96ed53d-8b4b-45b3-b436-9ab24b3bcb29,d96ed53d-8b4b-45b3-b436-9ab24b3bcb29,north_calabria,1,olive_like,6.62332557517542
OVR2_0152,dc0ee0db-fbd2-4f3f-9f44-eb7e9e635af2,dc0ee0db-fbd2-4f3f-9f44-eb7e9e635af2,north_calabria,1,olive_like,6.21051973585688
OVR2_0300,dc930272-b3e9-4d3b-8cf5-8d8b471de1bb,dc930272-b3e9-4d3b-8cf5-8d8b471de1bb,north_calabria,1,olive_like,0.97645207237156
OVR2_0339,de47aae7-2161-485e-b5f8-244d040e6bf5,de47aae7-2161-485e-b5f8-244d040e6bf5,north_calabria,1,olive_like,0.990344821790013
OVR2_0075,e0c72bc8-feef-4e3f-83db-74909b340a55,e0c72bc8-feef-4e3f-83db-74909b340a55,north_calabria,1,olive_like,14.5259770155496
OVR2_0024,e383adfd-6a9f-4360-a0ea-c40669b68b8c,e383adfd-6a9f-4360-a0ea-c40669b68b8c,north_calabria,1,olive_like,1.44159261644785
OVR2_0164,e385fb32-0936-4167-a3c0-34158f90c289,e385fb32-0936-4167-a3c0-34158f90c289,north_calabria,1,olive_like,9.36157755561221
OVR2_0353,e46727bc-af30-4386-a1b3-722be9bd7972,e46727bc-af30-4386-a1b3-722be9bd7972,north_calabria,1,olive_like,2.89866539732446
OVR2_0107,e7cf290a-c0a9-4445-a655-beaf8c58141f,e7cf290a-c0a9-4445-a655-beaf8c58141f,north_calabria,1,olive_like,1.99103408683384
OVR2_0195,eb6674e7-c655-48dd-b200-7f58d3ce2b9e,eb6674e7-c655-48dd-b200-7f58d3ce2b9e,north_calabria,1,olive_like,0.681714197297126
OVR2_0011,efc35763-b4fd-499f-8ede-a7a97c0abe44,efc35763-b4fd-499f-8ede-a7a97c0abe44,north_calabria,1,olive_like,26.4603960233178
OVR2_0483,f0389b55-898a-43ac-ad18-89d9c96b443e,f0389b55-898a-43ac-ad18-89d9c96b443e,north_calabria,1,olive_like,0.532785438039778
OVR2_0001,f03ebfdd-7cf1-40d0-8f06-40a87fb7e37e,f03ebfdd-7cf1-40d0-8f06-40a87fb7e37e,north_calabria,1,olive_like,0.760557550811343
OVR2_0036,f0b7311b-9105-4887-b0a7-ea6782153bf1,f0b7311b-9105-4887-b0a7-ea6782153bf1,north_calabria,1,olive_like,2.63140097724675
OVR2_0044,f17f4011-1117-4400-bebc-d1e52e454c42,f17f4011-1117-4400-bebc-d1e52e454c42,north_calabria,1,olive_like,0.772537382759959
OVR2_0389,f2d9b38a-668a-45b5-ac3d-211789791177,f2d9b38a-668a-45b5-ac3d-211789791177,north_calabria,1,olive_like,0.983068483304991
OVR2_0015,f4a59980-311d-420c-8b0f-03cf981eef29,f4a59980-311d-420c-8b0f-03cf981eef29,north_calabria,1,olive_like,2.22012442581911
OVR2_0081,f547f146-4f35-4210-8586-3b2beaf81c91,f547f146-4f35-4210-8586-3b2beaf81c91,north_calabria,1,olive_like,2.81352529346994
OVR2_0139,f5d86fe6-a377-4662-8f14-3bd8af2f89c7,f5d86fe6-a377-4662-8f14-3bd8af2f89c7,north_calabria,1,olive_like,4.27207877293334
OVR2_0221,f5e5405b-f597-49bc-b637-55a01e6ffb1c,f5e5405b-f597-49bc-b637-55a01e6ffb1c,north_calabria,1,olive_like,26.6960862164645
OVR2_0390,f64a6be1-9f15-4d73-9312-68e5bdbdbaa3,f64a6be1-9f15-4d73-9312-68e5bdbdbaa3,north_calabria,1,olive_like,9.45752783104317
OVR2_0242,f6c4d039-3988-45e6-9dc3-ac217589d3ad,f6c4d039-3988-45e6-9dc3-ac217589d3ad,north_calabria,1,olive_like,39.6964060562746
OVR2_0264,f6fa973e-5556-4747-9eda-8d06b220a4c3,f6fa973e-5556-4747-9eda-8d06b220a4c3,north_calabria,1,olive_like,6.36478332484694
OVR2_0141,f73ebccc-8d45-4b85-9c05-0054797b49cf,f73ebccc-8d45-4b85-9c05-0054797b49cf,north_calabria,1,olive_like,1.75904319280615
OVR2_0366,f7d8cb46-3200-420a-bf30-a1d79e8cd8c1,f7d8cb46-3200-420a-bf30-a1d79e8cd8c1,north_calabria,1,olive_like,7.92166008498082
OVR2_0148,fa5d6b92-589f-481c-90a4-e9ead4701bf9,fa5d6b92-589f-481c-90a4-e9ead4701bf9,north_calabria,1,olive_like,8.81067173362779
OVR2_0173,fa68a229-21b9-4fc5-b637-77d1bc914ba9,fa68a229-21b9-4fc5-b637-77d1bc914ba9,north_calabria,1,olive_like,0.663752597601074
OVR2_0016,fb66c21b-51dd-4070-8a85-beb5ac43ee67,fb66c21b-51dd-4070-8a85-beb5ac43ee67,north_calabria,1,olive_like,1.52024973431474
OVR2_0190,fc35308f-5965-4589-b9eb-df4515261f48,fc35308f-5965-4589-b9eb-df4515261f48,north_calabria,1,olive_like,0.511217532959899
OVR2_0199,fc593a03-e948-466a-afb7-5dcbdfebba29,fc593a03-e948-466a-afb7-5dcbdfebba29,north_calabria,1,olive_like,0.595345292877027
OVR2_0256,fca36657-c68b-4dcc-9f7b-7ade95d71b27,fca36657-c68b-4dcc-9f7b-7ade95d71b27,north_calabria,1,olive_like,7.83215002845215
OVR2_0330,fd3319c8-a309-4069-8462-ee3042def336,fd3319c8-a309-4069-8462-ee3042def336,north_calabria,1,olive_like,0.651615610549621
OVR2_0180,fe45959a-5ccc-43cd-8250-128ab0bb32d5,fe45959a-5ccc-43cd-8250-128ab0bb32d5,north_calabria,1,olive_like,0.521695647299174
OVR2_0400,fe6a8187-c57c-43bc-960d-c41ca547bde7,fe6a8187-c57c-43bc-960d-c41ca547bde7,north_calabria,1,olive_like,31.5424722411417
OVR2_0135,fe98d1d6-4510-4949-8ebf-5b9be631b077,fe98d1d6-4510-4949-8ebf-5b9be631b077,north_calabria,1,olive_like,1.12455795504593
OVR2_0002,ff24a594-7284-4fff-8911-b7ab9f68bfb0,ff24a594-7284-4fff-8911-b7ab9f68bfb0,north_calabria,1,olive_like,3.13862480238936
OVR2_0301,0265799f-033d-4f8f-b128-73273183574b,0265799f-033d-4f8f-b128-73273183574b,south_calabria,0,not_olive_like,0.792665015201797
OVR2_0500,0ce42e15-7610-4c07-93ab-196599648b1c,0ce42e15-7610-4c07-93ab-196599648b1c,south_calabria,0,not_olive_like,0.579241551843782
OVR2_0442,12b6180d-8658-475c-aa42-d625675fe821,12b6180d-8658-475c-aa42-d625675fe821,south_calabria,0,not_olive_like,2.36563253045782
OVR2_0425,2414161d-5772-42b3-9636-8e5558d985f2,2414161d-5772-42b3-9636-8e5558d985f2,south_calabria,0,not_olive_like,1.13238002294252
OVR2_0227,3dbe93ca-70dd-4611-a34f-9d80e27a636a,3dbe93ca-70dd-4611-a34f-9d80e27a636a,south_calabria,0,not_olive_like,11.716567985592
OVR2_0291,41853a20-633c-43ee-9d60-18d8803c09ba,41853a20-633c-43ee-9d60-18d8803c09ba,south_calabria,0,not_olive_like,0.646727973291328
OVR2_0314,4e97640b-dcc7-4220-ba74-b335ee19b7e7,4e97640b-dcc7-4220-ba74-b335ee19b7e7,south_calabria,0,not_olive_like,0.818552499996517
OVR2_0393,8990bcdb-4f6f-45a1-a206-d8e0dca436f4,8990bcdb-4f6f-45a1-a206-d8e0dca436f4,south_calabria,0,not_olive_like,11.5807775115763
OVR2_0369,96969f64-f510-4f61-be7b-02fd48ec8f62,96969f64-f510-4f61-be7b-02fd48ec8f62,south_calabria,0,not_olive_like,38.5210186584331
OVR2_0448,9e64ceeb-8a77-4d98-b02f-62e4ed18d5bb,9e64ceeb-8a77-4d98-b02f-62e4ed18d5bb,south_calabria,0,not_olive_like,7.94516204284945
OVR2_0387,aa973cbf-933d-4f92-a0bd-556eb41274b5,aa973cbf-933d-4f92-a0bd-556eb41274b5,south_calabria,0,not_olive_like,9.8505316646537
OVR2_0411,b562c8ba-78e2-4961-94f2-ba1751235f26,b562c8ba-78e2-4961-94f2-ba1751235f26,south_calabria,0,not_olive_like,12.6423318826876
OVR2_0488,e5d216dc-f861-4914-b410-6918a6e5d0f7,e5d216dc-f861-4914-b410-6918a6e5d0f7,south_calabria,0,not_olive_like,1.99268200719806
OVR2_0418,e61f659a-e5e0-4c12-b9d3-44626980afe7,e61f659a-e5e0-4c12-b9d3-44626980afe7,south_calabria,0,not_olive_like,21.7640986474967
OVR2_0482,08366a19-b37b-465d-bde3-e6db3b02da99,08366a19-b37b-465d-bde3-e6db3b02da99,south_calabria,1,olive_like,12.8195375470213
OVR2_0283,1798faf7-64d0-43a6-af40-afc3b261419c,1798faf7-64d0-43a6-af40-afc3b261419c,south_calabria,1,olive_like,11.7274245507653
OVR2_0228,21e256cc-0696-454f-a6f9-1002dca171d1,21e256cc-0696-454f-a6f9-1002dca171d1,south_calabria,1,olive_like,13.0531308253647
OVR2_0231,2601d7fa-8731-4d9a-9d7a-5e6acf047687,2601d7fa-8731-4d9a-9d7a-5e6acf047687,south_calabria,1,olive_like,8.1446330283404
OVR2_0234,29a6b1ed-7f6b-4df2-a13f-9d53daa4a49e,29a6b1ed-7f6b-4df2-a13f-9d53daa4a49e,south_calabria,1,olive_like,6.97373552464148
OVR2_0383,328836a8-9f62-4cad-9f37-9b5731177279,328836a8-9f62-4cad-9f37-9b5731177279,south_calabria,1,olive_like,84.8368721290262
OVR2_0440,37499c57-799b-407f-8533-dacd612d339d,37499c57-799b-407f-8533-dacd612d339d,south_calabria,1,olive_like,3.32757135638452
OVR2_0419,445906b8-9da2-44ec-82dd-e264d6e060de,445906b8-9da2-44ec-82dd-e264d6e060de,south_calabria,1,olive_like,2.66623099687443
OVR2_0408,4854bcbc-b691-4c26-8ea2-427e2555da38,4854bcbc-b691-4c26-8ea2-427e2555da38,south_calabria,1,olive_like,20.0919536698582
OVR2_0276,48ea0a34-f761-4e5c-8594-20254bb45239,48ea0a34-f761-4e5c-8594-20254bb45239,south_calabria,1,olive_like,11.3110629779799
OVR2_0403,4fa67ebf-9b3f-4f7c-aef8-4906111b2950,4fa67ebf-9b3f-4f7c-aef8-4906111b2950,south_calabria,1,olive_like,12.3458200687915
OVR2_0247,51ddaeba-bcb5-4ba1-9555-294b3e47229d,51ddaeba-bcb5-4ba1-9555-294b3e47229d,south_calabria,1,olive_like,12.5035575887995
OVR2_0426,5e582a71-2639-4fd9-9e4f-d6bee4944d5a,5e582a71-2639-4fd9-9e4f-d6bee4944d5a,south_calabria,1,olive_like,10.1173793415691
OVR2_0445,6a9bba3d-26a1-41ab-9a75-6591f1a2f304,6a9bba3d-26a1-41ab-9a75-6591f1a2f304,south_calabria,1,olive_like,13.39351481337
OVR2_0371,6ca904bf-1821-4dc8-878d-1bbefe10387a,6ca904bf-1821-4dc8-878d-1bbefe10387a,south_calabria,1,olive_like,38.9778913545947
OVR2_0290,704ada79-3add-4f92-8154-bf059d1616f9,704ada79-3add-4f92-8154-bf059d1616f9,south_calabria,1,olive_like,5.98130390117792
OVR2_0380,719c17be-1fe1-49cf-9a9e-8cf0e5fb4fa3,719c17be-1fe1-49cf-9a9e-8cf0e5fb4fa3,south_calabria,1,olive_like,20.6475807712052
OVR2_0412,72a4e182-4e40-47af-b73b-dc29411cf8e9,72a4e182-4e40-47af-b73b-dc29411cf8e9,south_calabria,1,olive_like,8.11610375843274
OVR2_0463,73752309-9a70-4ee7-9cc1-d8bd33330ede,73752309-9a70-4ee7-9cc1-d8bd33330ede,south_calabria,1,olive_like,2.57171839431258
OVR2_0444,8f4f4186-b95a-4b02-b877-169bed0d37eb,8f4f4186-b95a-4b02-b877-169bed0d37eb,south_calabria,1,olive_like,7.33066147559165
OVR2_0449,96b2c730-6a7f-462f-901a-6193f23d6dd3,96b2c730-6a7f-462f-901a-6193f23d6dd3,south_calabria,1,olive_like,11.7339713277935
OVR2_0392,9a532a00-2a28-42ae-8848-fd05412e9800,9a532a00-2a28-42ae-8848-fd05412e9800,south_calabria,1,olive_like,7.48626811565353
OVR2_0262,a71f3906-d07f-4b34-bca5-4eb5fd61256c,a71f3906-d07f-4b34-bca5-4eb5fd61256c,south_calabria,1,olive_like,28.7882722473438
OVR2_0455,acff0d3f-94b2-4f7d-a01f-7365a0d9c2ba,acff0d3f-94b2-4f7d-a01f-7365a0d9c2ba,south_calabria,1,olive_like,4.28302277798414
OVR2_0214,b4ebfa59-660d-41d9-b44d-8f35d353c8c4,b4ebfa59-660d-41d9-b44d-8f35d353c8c4,south_calabria,1,olive_like,13.77644772782
OVR2_0422,bac558ba-1b7b-45b8-8b7c-051aa1b8d731,bac558ba-1b7b-45b8-8b7c-051aa1b8d731,south_calabria,1,olive_like,15.8565594513712
OVR2_0441,c8004074-d794-4937-8a51-7d4df78c55be,c8004074-d794-4937-8a51-7d4df78c55be,south_calabria,1,olive_like,56.6772434556134
OVR2_0429,d2f24500-65cd-42f0-80a5-c2ea866bd9de,d2f24500-65cd-42f0-80a5-c2ea866bd9de,south_calabria,1,olive_like,21.8617260588647
OVR2_0269,dd59b1a1-96b9-424a-9f3d-48d56dd4fb7e,dd59b1a1-96b9-424a-9f3d-48d56dd4fb7e,south_calabria,1,olive_like,82.6816700145785
OVR2_0430,e0e94705-5261-4a27-a95b-458eb087231d,e0e94705-5261-4a27-a95b-458eb087231d,south_calabria,1,olive_like,14.7919669540199
OVR2_0478,eb975401-cb68-420d-97ae-0c6174d7ca47,eb975401-cb68-420d-97ae-0c6174d7ca47,south_calabria,1,olive_like,8.44203993749028
OVR2_0279,ee92ad4f-5c0a-4143-8a89-d881e09b6a55,ee92ad4f-5c0a-4143-8a89-d881e09b6a55,south_calabria,1,olive_like,68.2497241814261
OVR2_0470,f58490a2-7378-4d59-a9a4-bdb9fbb53799,f58490a2-7378-4d59-a9a4-bdb9fbb53799,south_calabria,1,olive_like,5.99792564070839
OVR2_0458,f8f7c51a-bfa8-4451-ad86-2e563151aadd,f8f7c51a-bfa8-4451-ad86-2e563151aadd,south_calabria,1,olive_like,7.56725370137882
