model_name,area_id,spatial_validation_zone,target,probability,probability_sd,n_predictions
combined_ridge,002b205a-66ef-4245-aff0-d0d208424c29,central_calabria,1,0.9692725769072374,0.016789397193387064,10
combined_ridge,007abe55-e5c6-4770-8aa1-9a44b56118d1,north_calabria,1,0.9412303329668769,0.03806308058354997,10
combined_ridge,0125be16-f40c-41ac-8672-9d2bd49b8330,north_calabria,1,0.9845767332815237,0.004774176455987414,10
combined_ridge,01375f8d-1b47-4577-8fbb-267c9741fec8,north_calabria,1,0.304185078937883,0.07164293902514006,10
combined_ridge,0178afdd-dc28-4c5a-9db0-cf2560762c21,north_calabria,1,0.7398763627815927,0.057824799865585585,10
combined_ridge,018750d5-285a-4767-b84b-cb57bff4f0fa,central_calabria,1,0.8457080268031009,0.061504960693370164,10
combined_ridge,02086d64-3655-449d-93bd-158565b16409,central_calabria,1,0.9146842260021225,0.021940036073253313,10
combined_ridge,026478dc-4dfa-43dc-baa4-1f31a24c3766,central_calabria,1,0.9355701331688329,0.0349061456640509,10
combined_ridge,0265799f-033d-4f8f-b128-73273183574b,south_calabria,0,0.2975066787267648,0.11185406290967158,10
combined_ridge,048533a2-7b2c-4208-a850-f45714b97e61,central_calabria,0,0.5431567275514773,0.11002035886984783,10
combined_ridge,0651ef0e-b828-406a-947e-f6b311c8d2fe,north_calabria,1,0.5306050455740402,0.07989342305964166,10
combined_ridge,06611573-7622-4e17-88c6-c2cdf3f6450c,central_calabria,1,0.9535566924414471,0.009237300572466925,10
combined_ridge,06da04de-4550-495c-9e75-f936a2c36b47,north_calabria,1,0.47811957038907843,0.04956623127942675,10
combined_ridge,0732c236-15e5-45ab-a8b8-1401bb532ae8,north_calabria,1,0.9379117896558007,0.015618684383606009,10
combined_ridge,0748a84b-5fc8-4728-a099-572f6b022b72,north_calabria,1,0.7151157355009409,0.2894881088435338,10
combined_ridge,0752391a-d005-4a34-8c37-38d287dfbced,central_calabria,1,0.8846175789108977,0.01703930984929878,10
combined_ridge,077a22c8-0019-400b-9000-1f39cc5d0b39,north_calabria,1,0.968163714047164,0.015239905904235294,10
combined_ridge,07be58b6-ef77-4aae-9631-45856f71660d,north_calabria,1,0.9519092688855778,0.011425399983946245,10
combined_ridge,08366a19-b37b-465d-bde3-e6db3b02da99,south_calabria,1,0.8342602488534281,0.05310298474183928,10
combined_ridge,08e8a819-3549-44ed-8071-106f8f81c62e,central_calabria,0,0.6565670355489539,0.07517060644389363,10
combined_ridge,09a49418-d48b-40a9-abb6-8f0da5637e75,north_calabria,1,0.9097344363735804,0.027876645594007453,10
combined_ridge,0a7d3c16-632d-4000-a848-91ea92007318,north_calabria,0,0.5956910645012969,0.03917105885774515,10
combined_ridge,0b877e85-da03-4389-a9d0-3dfad92cc4a3,north_calabria,0,0.2514948326886405,0.06836617477296576,10
combined_ridge,0c3ef04e-773b-432e-98de-dfda0db083c6,north_calabria,1,0.950151262519382,0.014222126891479312,10
combined_ridge,0ce42e15-7610-4c07-93ab-196599648b1c,south_calabria,0,0.49002239661211966,0.07437079704221965,10
combined_ridge,0d70d971-b04e-4c14-8f58-96d3af297c10,north_calabria,1,0.8396976008135294,0.05328538393120033,10
combined_ridge,0fdd8d0b-58b4-48b4-91f2-f50da34f6667,central_calabria,1,0.9025013547096442,0.01809511936788011,10
combined_ridge,10043020-6379-40ee-b6fb-50cba1f39c71,north_calabria,1,0.9906293730033779,0.00480506594481241,10
combined_ridge,1084cbf8-b18a-4e34-a7c5-a824e63a55e1,north_calabria,1,0.9526078610097788,0.00735884859347811,10
combined_ridge,10c43020-8cd0-41d5-ad2f-c887e5806535,north_calabria,1,0.9849575379313418,0.009739498501369048,10
combined_ridge,11553afb-2509-432d-aa21-5c1185c9c4a3,north_calabria,1,0.9937276855487381,0.0028019971762608107,10
combined_ridge,12acd1cf-dd01-453b-afb8-aebeffae6577,north_calabria,1,0.6396940705626333,0.07160982997338984,10
combined_ridge,12b6180d-8658-475c-aa42-d625675fe821,south_calabria,0,0.3701887309562376,0.07276376894898355,10
combined_ridge,1385529a-1392-436d-9ac0-02421c7c3729,north_calabria,1,0.8840569803376563,0.05071080587273217,10
combined_ridge,14b011ae-c028-4515-82b2-cd39996d7a33,north_calabria,1,0.975781874821328,0.00845933398210352,10
combined_ridge,156c4f03-a080-456f-a61e-7f322628ebac,north_calabria,1,0.9312658302718468,0.024641219184089187,10
combined_ridge,166368a4-21e1-422f-98f6-3f9f651a8e36,north_calabria,1,0.7978272739350202,0.038029096766766884,10
combined_ridge,17291e32-3365-4f35-8ca4-4734c10f3cca,north_calabria,1,0.7801540077507708,0.06351559773300333,10
combined_ridge,1798faf7-64d0-43a6-af40-afc3b261419c,south_calabria,1,0.9392634285135341,0.023499733326424157,10
combined_ridge,18335feb-4f5d-4c38-83b4-6d548893cc1d,central_calabria,0,0.49314156928744113,0.08086170518585933,10
combined_ridge,18e2d9e8-6f8e-43c4-9542-0f63b3729bd2,north_calabria,1,0.6786339968994528,0.0691188683253055,10
combined_ridge,1a598ff1-1141-4d45-a696-00ecc9d2eb25,north_calabria,1,0.9063604392213431,0.031157638475003514,10
combined_ridge,1caad9e5-3cdc-4531-8b8f-f731e92fa6bf,north_calabria,0,0.6934664020387808,0.058357925531687886,10
combined_ridge,1cc02c24-7700-4eb8-a8a0-20446c75380c,central_calabria,1,0.537646081961142,0.08453010498133205,10
combined_ridge,1ccaf99d-d14a-4094-87f1-c25730f927d8,north_calabria,1,0.08317030104240622,0.03301059697501112,10
combined_ridge,1dae1cc8-9433-4596-9783-b0603717dba7,north_calabria,1,0.9224329838818068,0.027294485027943127,10
combined_ridge,1f65d9d2-af2b-4f2c-94e8-28edff449ec0,north_calabria,1,0.9370783044137759,0.01765550001281025,10
combined_ridge,208f5adc-6851-4b9a-8ddb-0c15e4c76e8c,north_calabria,1,0.963426005280273,0.012126651367120806,10
combined_ridge,2189620a-40ad-4c2a-977a-096eec44a72b,central_calabria,1,0.5618461916735031,0.07539510529597647,10
combined_ridge,21e256cc-0696-454f-a6f9-1002dca171d1,south_calabria,1,0.9712147809935632,0.011467251279873721,10
combined_ridge,2382ef96-5c32-427e-afaa-2fb95e3feaae,north_calabria,1,0.6029513149397389,0.08830968990635644,10
combined_ridge,23cc46eb-3a72-43f5-ae70-4c4b630362b9,central_calabria,1,0.24418580026398812,0.05396196765950043,10
combined_ridge,23d6058a-60a2-4fa1-a608-c0e81561ad4f,north_calabria,0,0.7608168110542549,0.02777143587645269,10
combined_ridge,23fd7b49-5f72-43c7-b44b-efdc9c82720f,north_calabria,1,0.667137501571468,0.03625581036877572,10
combined_ridge,2414161d-5772-42b3-9636-8e5558d985f2,south_calabria,0,0.92288915513708,0.03186610732881923,10
combined_ridge,25468458-e458-4620-a513-b5125d0a1c00,north_calabria,1,0.7409547738014338,0.04892926533414026,10
combined_ridge,25b193c3-7321-4092-92d5-0d9ac46bbcab,north_calabria,1,0.9849092052801799,0.004165678760918539,10
combined_ridge,25dc774a-34ae-48d7-ab92-caf34852d21b,north_calabria,1,0.9650056974451184,0.008439329694019775,10
combined_ridge,2601d7fa-8731-4d9a-9d7a-5e6acf047687,south_calabria,1,0.9406027295312755,0.016180162883404528,10
combined_ridge,27ba227f-9253-491d-8581-7751d3ad79a7,central_calabria,1,0.8914505249147133,0.025725787303204357,10
combined_ridge,286a95e9-206b-4925-8304-21182e129a45,north_calabria,1,0.5236966430079869,0.07683532684588766,10
combined_ridge,293587f3-cf98-4e78-a782-cac355237d88,north_calabria,1,0.9493231073492208,0.025338491337737367,10
combined_ridge,29993089-3877-4657-86e5-2988e5a10017,north_calabria,0,0.2873136640862627,0.11258766497062,10
combined_ridge,29a6b1ed-7f6b-4df2-a13f-9d53daa4a49e,south_calabria,1,0.8380951741889238,0.06522788742033596,10
combined_ridge,2b881276-810d-472c-922d-6a8af80f10a9,central_calabria,1,0.9656074896447976,0.012602574110823595,10
combined_ridge,2d07dccd-ec34-41b3-acd8-9f34f31d3f46,north_calabria,0,0.2972172135795441,0.08152248063386969,10
combined_ridge,2dbaefcf-ec49-4c81-9bb3-d0a33360de7a,north_calabria,1,0.9501513638085661,0.017208236388188317,10
combined_ridge,2fe533aa-a325-4ce8-96d4-01412b32ef1d,north_calabria,1,0.794387298174777,0.05092690706621725,10
combined_ridge,314897f6-b485-47d7-8275-42a8420ffdc3,central_calabria,1,0.8585736741926272,0.09018628506157682,10
combined_ridge,319434f5-fa02-4152-9f7a-84e9b2751b7e,central_calabria,1,0.9743554850638706,0.00593379722125522,10
combined_ridge,3254fd56-4a43-438c-af85-d01b3d630793,north_calabria,0,0.041330581052332366,0.02163001894007706,10
combined_ridge,325c910c-85ba-4274-a12d-2347def792c0,central_calabria,1,0.8232867707652503,0.05187623607268564,10
combined_ridge,328836a8-9f62-4cad-9f37-9b5731177279,south_calabria,1,0.9907265136459511,0.0065539732523511645,10
combined_ridge,33128212-182b-4dee-9028-69d453e644ca,north_calabria,1,0.8912099970702695,0.0393797139529406,10
combined_ridge,33519d66-3bd6-4946-b405-933736b7c5b5,central_calabria,1,0.9822690079625012,0.004344587684170825,10
combined_ridge,33e1f332-2116-4cdf-a683-57894654f7c8,central_calabria,1,0.642074743559506,0.061761307203492474,10
combined_ridge,353900eb-844b-4f8a-9344-3210e5c02b65,north_calabria,1,0.7198546813212549,0.044004650920034284,10
combined_ridge,35db8036-f229-4454-adcb-66d5ae3d75b7,central_calabria,1,0.9453714516434918,0.025802433955650184,10
combined_ridge,37499c57-799b-407f-8533-dacd612d339d,south_calabria,1,0.8299358000476081,0.0673539823054821,10
combined_ridge,380889f9-3710-4693-b0cf-c3e2658c5ade,central_calabria,1,0.9381075822877852,0.036832114938105336,10
combined_ridge,380a008b-755b-499f-b0cb-905f79a86106,north_calabria,0,0.3940605943166037,0.08664845676469835,10
combined_ridge,38ed5b18-1453-46fa-89c0-9d00e74cdfc0,central_calabria,1,0.6849962544496087,0.04656857310040375,10
combined_ridge,3a1e4cb8-6e0f-4ca8-b78a-afa54373698c,central_calabria,1,0.9729420628498927,0.006443359668294343,10
combined_ridge,3ad21c01-982e-4a6f-aaf8-3504c6640519,central_calabria,1,0.48508388566251864,0.11198922674410279,10
combined_ridge,3af5b248-6783-4142-b9c2-9e1ce8b9fba7,north_calabria,1,0.7812552640031918,0.045760947458841635,10
combined_ridge,3c83ff0e-8a32-46ff-96b7-eb031d477178,north_calabria,1,0.9533666907917444,0.029994263369675648,10
combined_ridge,3cecd09e-14e4-4291-92f0-929f6d8f09e6,north_calabria,1,0.644731867477039,0.09476421313176711,10
combined_ridge,3d0fa030-ee0c-440d-b274-efc176c8288b,central_calabria,1,0.7723439073219771,0.03329033897985702,10
combined_ridge,3dbe93ca-70dd-4611-a34f-9d80e27a636a,south_calabria,0,0.9194496579376642,0.031028944448590393,10
combined_ridge,3dddcf51-365c-4ab4-b911-1ea05f2fa911,north_calabria,1,0.5367050206086169,0.054180084506271924,10
combined_ridge,3efc03cb-1709-441c-abde-6325b026fa7b,central_calabria,1,0.816513496110281,0.048449527805814796,10
combined_ridge,3f325802-20ec-46e8-b0be-fc65ce515648,north_calabria,1,0.9930202402604291,0.005558525735638048,10
combined_ridge,40292ea6-7755-4f97-8e8c-9346562dc6e7,north_calabria,1,0.9598951629367072,0.009076754551129714,10
combined_ridge,407b6fa5-47fe-40cf-b49d-278d5b55c65a,central_calabria,0,0.0794344664207294,0.02828615900084328,10
combined_ridge,40fc9618-d1f4-4c59-9e20-d75132070004,central_calabria,0,0.15338338071021765,0.06717631526519138,10
combined_ridge,41280d99-1993-4f8f-94ec-15749c438a22,central_calabria,1,0.8113176103498139,0.02534016883126345,10
combined_ridge,41721387-75f4-40cd-ae48-ee1cf3f90d92,north_calabria,1,0.9843938653661144,0.006640568745667615,10
combined_ridge,41853a20-633c-43ee-9d60-18d8803c09ba,south_calabria,0,0.3983450085426114,0.11731667316160611,10
combined_ridge,4351489a-9018-4259-b4bc-346c31c18754,north_calabria,1,0.8155368734776415,0.039248272657276706,10
combined_ridge,43f09e2d-95e5-47f6-8f2a-88f367506cfb,north_calabria,1,0.9712584812586218,0.010813614696305308,10
combined_ridge,445906b8-9da2-44ec-82dd-e264d6e060de,south_calabria,1,0.8568401952888592,0.0349124634950253,10
combined_ridge,44aa22d9-54e4-4ac9-b75b-64ddaccdfc5c,north_calabria,1,0.9427282961478761,0.017985599045059985,10
combined_ridge,44b37f6e-6824-433b-9ff9-77b2fae9b25a,central_calabria,1,0.5708785428973207,0.11350274104221438,10
combined_ridge,4518b2a7-3341-40d5-8b93-720efe4f5af7,north_calabria,1,0.9780884642918466,0.006507263409890233,10
combined_ridge,466946c4-5b48-4854-8863-f240946db251,north_calabria,1,0.57644135226817,0.12466255772716607,10
combined_ridge,47069a53-e55c-4ff5-8e61-a0da4949e717,north_calabria,1,0.02733369021315673,0.012113136986698298,10
combined_ridge,47d546f6-c454-492a-9571-8c0e8643d68c,north_calabria,0,0.7037170811633573,0.03562870271723537,10
combined_ridge,4854bcbc-b691-4c26-8ea2-427e2555da38,south_calabria,1,0.9329706427015306,0.019717844432125643,10
combined_ridge,48ea0a34-f761-4e5c-8594-20254bb45239,south_calabria,1,0.9772605879093825,0.0070518432671704614,10
combined_ridge,4947de30-f503-4058-9db3-e74e33aaf7b6,north_calabria,0,0.8533235857297949,0.032289026741946246,10
combined_ridge,49d298d1-8946-4ed9-b400-c13295ce0a06,north_calabria,1,0.9697448446275647,0.014087787034498811,10
combined_ridge,4a8854f3-5208-4457-96ec-2da6277c2686,central_calabria,0,0.7500431653636823,0.046006121001585736,10
combined_ridge,4b0713bc-bcbb-4c1d-bbb2-25771826c156,north_calabria,0,0.6927737532602561,0.0843751514722847,10
combined_ridge,4b48dc69-2361-49b7-a1be-93f05a6feed0,north_calabria,1,0.971424768373757,0.004846588016073167,10
combined_ridge,4b5b5951-5f78-4e4c-a3f7-8957955eb401,north_calabria,1,0.9976498273485177,0.001761063177430844,10
combined_ridge,4c3544d7-edfd-4ef2-96d3-08fd57b82df2,north_calabria,1,0.9624715475633249,0.009924463773071457,10
combined_ridge,4d3d8189-846d-4636-9f95-4da9ea3ddaf3,north_calabria,1,0.9924789925218105,0.005128522096285405,10
combined_ridge,4e7bb0b4-4f7e-44e0-9520-84f4c6220d18,central_calabria,0,0.8723176580807788,0.030395983201025576,10
combined_ridge,4e97640b-dcc7-4220-ba74-b335ee19b7e7,south_calabria,0,0.6378493143122761,0.10963921300930543,10
combined_ridge,4f8794fd-2765-405c-8191-97e44205b5d8,central_calabria,1,0.97076023191273,0.01614572431013485,10
combined_ridge,4fa67ebf-9b3f-4f7c-aef8-4906111b2950,south_calabria,1,0.9543812763989958,0.013379006228135796,10
combined_ridge,5037df75-c1a7-443e-8d0e-359cb7e0dea2,north_calabria,0,0.005802734306270624,0.002554428479468517,10
combined_ridge,51ddaeba-bcb5-4ba1-9555-294b3e47229d,south_calabria,1,0.9553095228811015,0.016963526221764252,10
combined_ridge,522b3ace-ffbc-4189-855c-4e38f7e1c0e8,north_calabria,1,0.8787767425462153,0.0343634648818512,10
combined_ridge,528b5405-4d84-4bd9-bbfe-3c214f061701,north_calabria,0,0.5740372410687897,0.05970224675120855,10
combined_ridge,52abf8a6-edc5-4dbd-9cb5-e2342c03a182,north_calabria,0,0.49345420898717257,0.07176670555407837,10
combined_ridge,52af5ab2-0b9e-4f94-930c-209d9e8e5c66,central_calabria,1,0.9186788026323512,0.012048302544049344,10
combined_ridge,540db45a-6e4f-41bc-b43e-74cc6671dcf7,north_calabria,1,0.6883523010924938,0.11143142423591743,10
combined_ridge,540e37ec-4c18-488a-8ff9-b27792319dea,north_calabria,1,0.8447300845065945,0.08248560071799538,10
combined_ridge,568b32de-d4d1-4a7f-829b-6fcd0c1f5da5,central_calabria,1,0.8804095028550776,0.031183144145505298,10
combined_ridge,57429120-2943-47e3-b537-51a53a80bd7e,north_calabria,0,0.943242780443347,0.07907034369154074,10
combined_ridge,5767a739-1a36-480b-91b5-33560f263ecb,north_calabria,1,0.22830852166237392,0.05960852990998443,10
combined_ridge,57dd2517-feb6-4320-9be4-07cfcbe88788,north_calabria,1,0.9979723801725312,0.002047162539025762,10
combined_ridge,58397a42-9e87-4e0f-911e-3e07dd5e286b,north_calabria,1,0.9752777406619207,0.00890900976878522,10
combined_ridge,58f91fa1-e590-42a3-947a-d014071eb8d1,central_calabria,1,0.8177848074850406,0.07716751230880806,10
combined_ridge,5a443163-b947-4d8b-abb8-607c3de64f65,north_calabria,1,0.9702398900168621,0.013574497295275576,10
combined_ridge,5d2da25a-6e59-40ec-8683-eddfc2c8593e,north_calabria,0,0.8965810061121775,0.014699901507926875,10
combined_ridge,5e582a71-2639-4fd9-9e4f-d6bee4944d5a,south_calabria,1,0.7287062244795814,0.04958145526723276,10
combined_ridge,5ef514b7-16ef-4dfa-93f4-cb95921e4bad,north_calabria,0,0.7092268932498762,0.07781199071917355,10
combined_ridge,5fb33722-941e-4414-b660-41dae7c799d0,north_calabria,1,0.9098856481825426,0.0374591246831132,10
combined_ridge,6010f5ea-4e98-4b6c-89cf-795a2972d572,north_calabria,1,0.8981952854963463,0.02201649814629017,10
combined_ridge,60f32136-c60e-4193-a042-e4875dd39cd9,central_calabria,0,0.485707416375787,0.06625352643575509,10
combined_ridge,616aa639-ebe0-47d0-953e-f93292e7e6a4,north_calabria,1,0.8737956740848307,0.08783769476089842,10
combined_ridge,6186b338-eff2-48df-8bc0-bf22e17bd285,central_calabria,1,0.9865378907248863,0.0059153597656310605,10
combined_ridge,61f3e2a3-ff74-417f-a5f7-34f41ecb92b7,north_calabria,1,0.8593729357345833,0.023337920212892035,10
combined_ridge,62504f68-5101-45dd-b089-a689bd5a8f39,north_calabria,0,0.37401488262560545,0.07223096023881216,10
combined_ridge,628b71bd-3e00-4674-91a5-83d029a5dc6c,north_calabria,1,0.9528405267734007,0.009277770580302576,10
combined_ridge,6290bcc7-8822-4fbd-9a3e-359c48042e43,north_calabria,1,0.8343337047925174,0.05638132762476554,10
combined_ridge,62c0e54f-a75c-4336-9b09-22a85271ce7a,north_calabria,1,0.9976723526535827,0.001331297473476429,10
combined_ridge,6361a398-edfb-44d8-87d0-890e5831efe8,north_calabria,1,0.9819373355903792,0.007471175485208785,10
combined_ridge,64542385-492d-46a4-b453-71de46738c92,central_calabria,1,0.9649361362664053,0.015524598134639137,10
combined_ridge,64d40ec6-5a34-42b8-8554-b6fa5decb176,central_calabria,1,0.9488177259213135,0.018076410845207277,10
combined_ridge,654ca8d8-8f8c-4145-867b-f9b1fbb9a800,north_calabria,1,0.9472506543391036,0.011672216855701087,10
combined_ridge,65b4abd5-f277-42dd-84b5-a21aba38ce6a,north_calabria,1,0.7635238452369298,0.03597439550302311,10
combined_ridge,65f57ee2-d28a-4c9d-8b22-39209787915b,north_calabria,1,0.9085423832744308,0.020617952827370035,10
combined_ridge,66144fe3-4232-4714-9dff-c46f5e3c099e,north_calabria,1,0.1909837810783577,0.05203839664873519,10
combined_ridge,666d1cf0-b4b4-42a3-90a5-b81e71c94f32,north_calabria,1,0.5619904870567071,0.07613392118482584,10
combined_ridge,67094e79-5155-4900-a2aa-8fdb6c61c030,central_calabria,1,0.9333415369208508,0.015764508164609763,10
combined_ridge,6785a1e4-2104-4586-88ac-308cc9e13c1f,north_calabria,0,0.7689829768749081,0.0381855175107025,10
combined_ridge,683d1bde-a5c3-4a38-b531-b65a186db838,north_calabria,0,0.051848141413009675,0.036916210327166604,10
combined_ridge,6851ed58-e41f-41ef-ac05-4bd21e647e0e,north_calabria,1,0.9120356278663675,0.024360589372111878,10
combined_ridge,695afdee-94b2-4382-97a0-d62d8fe31a43,central_calabria,1,0.7436178624527493,0.0565293736313779,10
combined_ridge,6990286b-a934-43a5-959c-8e9d5b516c98,central_calabria,1,0.9575507801310511,0.01527601795936068,10
combined_ridge,69ccee85-078f-42d2-8f2e-ed32086741c3,north_calabria,0,0.8602367654618612,0.056532957234728405,10
combined_ridge,69e1438b-c7d3-4345-ace2-bf38a9d28503,central_calabria,1,0.7933485986525891,0.02011772146300929,10
combined_ridge,6a0c0b44-ff05-4dce-b2ac-16649ab61c3d,central_calabria,1,0.26674780389172614,0.061328760318448604,10
combined_ridge,6a9bba3d-26a1-41ab-9a75-6591f1a2f304,south_calabria,1,0.9780781792593369,0.007866673406859254,10
combined_ridge,6b350121-eb41-48b9-b404-2c0eacb8e16f,central_calabria,1,0.8966157804490711,0.04554081420045937,10
combined_ridge,6c5bf88a-b372-4589-9759-765268d97cc5,north_calabria,1,0.7973773807231622,0.11940438621218447,10
combined_ridge,6c5d511f-9f02-476b-a1c0-7927da590e7f,north_calabria,1,0.9086895792760041,0.02567464119252834,10
combined_ridge,6ca904bf-1821-4dc8-878d-1bbefe10387a,south_calabria,1,0.7279335258997419,0.045427398185711856,10
combined_ridge,6f9d8733-b651-4876-bc56-2e695e15f180,north_calabria,1,0.9355095809553436,0.016402320042956546,10
combined_ridge,703c3196-cb73-449b-a423-74c7b3269604,north_calabria,0,0.5873700898299444,0.08840651047354438,10
combined_ridge,704ada79-3add-4f92-8154-bf059d1616f9,south_calabria,1,0.9192471109182755,0.03568587917107065,10
combined_ridge,70595d37-a931-4a8f-876d-5e9b17e31b19,north_calabria,1,0.9876374467841208,0.004450722062200941,10
combined_ridge,708f42b5-7ca0-48b3-afae-cecfa0bc8baf,north_calabria,1,0.7282588287463124,0.05913265532480858,10
combined_ridge,70919431-0788-4358-b6c7-2609f1053937,central_calabria,0,0.22612845946553586,0.09685051850777111,10
combined_ridge,70a7cd21-9650-4dbb-9c9f-5bd66f8056c3,central_calabria,1,0.9892914390853716,0.003175228397951546,10
combined_ridge,70adbf10-18c8-4c4f-b143-0d1be2aa2733,north_calabria,0,0.09369677373687538,0.02948333357712839,10
combined_ridge,70f5b4ba-f5f3-4a78-98eb-1afd97217566,north_calabria,1,0.9189485674916635,0.026118017886199385,10
combined_ridge,719c17be-1fe1-49cf-9a9e-8cf0e5fb4fa3,south_calabria,1,0.7812426447771491,0.03540204036075667,10
combined_ridge,71b30008-50e2-4e98-bde7-b64ef5bf8c5a,north_calabria,1,0.8876713715895409,0.04517569713147778,10
combined_ridge,7252e5b1-69af-4762-99dd-fccff33e4904,central_calabria,1,0.610876743767064,0.10929611243459578,10
combined_ridge,726a1946-8152-406e-8e36-9d73a3ed0371,north_calabria,0,0.4850581491647194,0.17303796755494996,10
combined_ridge,72a4e182-4e40-47af-b73b-dc29411cf8e9,south_calabria,1,0.9838247879709001,0.013438383017095773,10
combined_ridge,73752309-9a70-4ee7-9cc1-d8bd33330ede,south_calabria,1,0.7828507702374823,0.07353848826960736,10
combined_ridge,7450549a-5f95-4b9b-b230-e953fd447591,north_calabria,1,0.3089330049938962,0.16364057758231,10
combined_ridge,766bfa3d-19b3-48c3-8b26-ec93967da0d7,north_calabria,1,0.857163216362183,0.042089309453898965,10
combined_ridge,7852a9e9-3a5a-474e-ac44-f258f111a45e,north_calabria,1,0.8339320446639208,0.04773337601295911,10
combined_ridge,78c51236-c752-44bd-a650-1218f7d427b2,north_calabria,1,0.7986047981163654,0.061315001023245275,10
combined_ridge,78fa3fea-5372-412a-bf86-17f0caf22d17,north_calabria,1,0.9869154780932906,0.008563140066129592,10
combined_ridge,7b92f856-4a89-439b-9f50-423993f88d67,central_calabria,1,0.737607474326626,0.06618622293324683,10
combined_ridge,7c1f2d99-8673-4904-a5d2-054f03ea9cb5,north_calabria,0,0.9758887908358853,0.01000572935937612,10
combined_ridge,7f8bee06-88a0-4032-b52d-599d865dc959,north_calabria,1,0.7907616977833544,0.01858014234415261,10
combined_ridge,802e9b17-1386-4f77-ae08-c78923d88f86,north_calabria,1,0.9727496599961876,0.011253389701968472,10
combined_ridge,834c8845-e28e-4085-97d9-2711175e715d,central_calabria,1,0.8781846252449022,0.04403690476167446,10
combined_ridge,842cf29f-b5d8-44c5-a76b-60586d361512,north_calabria,0,0.43538350995825204,0.09479071327052652,10
combined_ridge,84c4cf6a-2dc4-4be8-a64d-a699c74b54ef,north_calabria,1,0.964885462836279,0.014670942190628691,10
combined_ridge,859f7ff4-4b97-4522-959c-7a7e9f9ea8ba,north_calabria,0,0.5722452695725921,0.10616064131477003,10
combined_ridge,865c847a-2cd3-46f5-b780-51206cb56a7b,north_calabria,0,0.06147349436163376,0.03255817572365073,10
combined_ridge,874750df-a4f7-4bd3-ade2-2f9b44fd0936,central_calabria,1,0.9506730957522492,0.013664915235774676,10
combined_ridge,877127cc-cf5c-4e77-bb6f-6cd92c61a6ab,north_calabria,1,0.9903838413443673,0.0045165666846423615,10
combined_ridge,8990bcdb-4f6f-45a1-a206-d8e0dca436f4,south_calabria,0,0.1502220155564155,0.08361252475469226,10
combined_ridge,8afdfe88-df3a-4cf3-a620-0d88824cad1a,north_calabria,1,0.4383634520162675,0.15449594218454393,10
combined_ridge,8d910ba5-2704-451f-ac69-ae436abe4552,central_calabria,1,0.8284586535677173,0.046203626103316596,10
combined_ridge,8dd720ca-7ef2-4a42-a907-9e50e3a89b78,north_calabria,1,0.9029212816263197,0.036419581304343744,10
combined_ridge,8de06204-8f30-43c0-8288-3245cb515c58,central_calabria,1,0.9888991095086016,0.006171559666565978,10
combined_ridge,8e7518fc-9c42-4ea5-9c23-753ab43da34d,north_calabria,1,0.5789346149339882,0.08896388667880664,10
combined_ridge,8f4f4186-b95a-4b02-b877-169bed0d37eb,south_calabria,1,0.9384703166260688,0.015306750710273412,10
combined_ridge,8fa153fe-f2c9-4636-91d8-e695b8b2ce5e,north_calabria,1,0.9819176919492101,0.004824661094574595,10
combined_ridge,8fcad545-f67c-4444-868f-222152578be1,north_calabria,0,0.6067620810826692,0.1168632180548381,10
combined_ridge,91559072-f10a-4fb0-a920-35da4cb5cbe3,north_calabria,1,0.8169787363165506,0.03192249614294859,10
combined_ridge,93885e13-ec14-44b5-bdae-9390be5f4219,north_calabria,1,0.7565527670774002,0.04346296415437746,10
combined_ridge,957e4b55-0826-41e9-85d2-a9c01aa7e40e,north_calabria,1,0.8611567099302224,0.0447533567072895,10
combined_ridge,9586c79a-3114-4af5-b599-ef0046f945b2,central_calabria,1,0.8987060266874044,0.026934056156968027,10
combined_ridge,95fb236b-d4fc-4957-a784-958617f071bb,central_calabria,1,0.9344829860823815,0.016582975367508204,10
combined_ridge,962f5054-7f10-4775-9bbb-b6cb21d8cd66,central_calabria,1,0.885957149153256,0.04040093165929145,10
combined_ridge,9695e0c3-7854-48f0-b91b-de4170c89121,north_calabria,1,0.9617972279737501,0.009844969229823081,10
combined_ridge,96969f64-f510-4f61-be7b-02fd48ec8f62,south_calabria,0,0.7291834356157996,0.059760876837378005,10
combined_ridge,96b2c730-6a7f-462f-901a-6193f23d6dd3,south_calabria,1,0.9477292013158147,0.008913392464639625,10
combined_ridge,96c7776e-f064-427f-9235-64aad9297372,north_calabria,1,0.8879185067526834,0.026637750434768223,10
combined_ridge,96e7867e-b736-4eb0-ab3b-2c940d9f915e,north_calabria,0,0.06986373924443492,0.028839059112073163,10
combined_ridge,979178c7-02ee-47cf-a7d6-209464f6e28c,north_calabria,1,0.971543710671329,0.017028981513633485,10
combined_ridge,987eb6e5-f160-43eb-a2de-42c1cc49c979,central_calabria,1,0.8662495518839257,0.046851424364699974,10
combined_ridge,99244ff7-3f7a-453f-a95c-cfc3642d8512,north_calabria,1,0.7699168553850975,0.05369469719906417,10
combined_ridge,9973e792-6cfb-4fc4-ae5b-77ed77e28a23,north_calabria,1,0.8516344058695082,0.04698672186288285,10
combined_ridge,9a08f338-717e-4938-bcbf-972731607099,north_calabria,1,0.8707050916934544,0.04884473866864929,10
combined_ridge,9a532a00-2a28-42ae-8848-fd05412e9800,south_calabria,1,0.8965064184344609,0.013381432687611725,10
combined_ridge,9a9db2db-6424-43d2-8505-3cc1848e2f93,north_calabria,1,0.9949784060974268,0.0034156484837034886,10
combined_ridge,9b08ca1f-9ff0-4317-9d8f-d81da5dbf94e,central_calabria,0,0.16257566817917687,0.036862068044354074,10
combined_ridge,9c7a7513-57ee-475c-8dfe-8d191346776e,north_calabria,1,0.9701948984475981,0.009839860952421474,10
combined_ridge,9cc9f9c8-580c-4d62-815a-52c317f78356,north_calabria,1,0.9176044321260861,0.04156435426581,10
combined_ridge,9d875ecc-a441-4815-b201-adcc0b09c4de,central_calabria,0,0.8921562644564199,0.01820956672507337,10
combined_ridge,9d971bf2-95a7-4301-976f-8f2e82c68255,central_calabria,1,0.9547631059393046,0.018953140619958123,10
combined_ridge,9e64ceeb-8a77-4d98-b02f-62e4ed18d5bb,south_calabria,0,0.8663030010313605,0.046706957007437475,10
combined_ridge,9f2bd7ed-ff83-47ac-bfe8-d6ee9881caf9,north_calabria,1,0.9913900121723381,0.004907673922178777,10
combined_ridge,9f52ef20-43a0-4317-8261-106c60401b46,north_calabria,1,0.9837719086642878,0.004730604121057978,10
combined_ridge,9f631d74-d0b1-46f3-9263-cfaeef2a39d9,north_calabria,1,0.957305067587962,0.04259037155530435,10
combined_ridge,9f80206c-2d6c-4c7c-8617-04b871e9d633,north_calabria,0,0.5876701053240594,0.053285714414369835,10
combined_ridge,9fa83047-2f86-4b8c-8783-d1c70254335f,north_calabria,1,0.8860428999178642,0.04493563197896251,10
combined_ridge,a1224f1a-2282-414e-ad9c-0e196da6ed65,north_calabria,1,0.9924084070472918,0.006477751924840416,10
combined_ridge,a12b9fb2-3d04-477b-a3c2-472a96fee8d0,central_calabria,1,0.8817946449162235,0.02734270792419075,10
combined_ridge,a131c4aa-d996-4566-900b-2010212c1534,north_calabria,1,0.11854499286763505,0.04265027616861663,10
combined_ridge,a28481aa-6f9e-498e-92e3-1f6f0402f8c6,central_calabria,1,0.8852129149008565,0.03227009927464092,10
combined_ridge,a29a8a51-5e67-429c-b788-179ef6e8621d,north_calabria,1,0.9681593968627855,0.011451430456168402,10
combined_ridge,a31d6ff4-7b78-4d7c-b2a4-7ade7c149a95,central_calabria,0,0.09033514615455904,0.04898462161481804,10
combined_ridge,a32fa40f-1ea0-4454-940c-f0dd8d1d6c39,north_calabria,1,0.9566945959951451,0.016569053575302965,10
combined_ridge,a539464f-adf6-4b3c-9c02-badd36600851,central_calabria,1,0.8507676789433942,0.03805611431297907,10
combined_ridge,a6ffe262-54f7-4081-a546-94eb1c5ba27c,central_calabria,1,0.9366350094499051,0.012885274083052086,10
combined_ridge,a71f3906-d07f-4b34-bca5-4eb5fd61256c,south_calabria,1,0.9706932435394847,0.010104880682600998,10
combined_ridge,a72b1053-9fe7-4ef1-b39d-cbc70448fe9b,north_calabria,1,0.7708690982166109,0.04417486785553323,10
combined_ridge,a849ac36-6d69-4b73-b8be-c50efdef9637,central_calabria,1,0.939540047351646,0.013452906806120204,10
combined_ridge,a8f35e4c-f66e-4b7f-85a5-717cef058ee5,north_calabria,1,0.9590474094898115,0.01449981519610267,10
combined_ridge,a94547ee-1f33-4fb7-844b-410d7eaa72ef,north_calabria,0,0.8805870369323057,0.021609002946152495,10
combined_ridge,aa40a674-2e73-4f9e-a95a-a33774a44093,north_calabria,1,0.9466698137933234,0.011487638155530258,10
combined_ridge,aa69dc98-9130-4971-ae9b-91fb5718e3dc,north_calabria,0,0.9544526455553417,0.018475439331822663,10
combined_ridge,aa873def-de9a-4c48-9bd9-dbcc64c3d434,north_calabria,1,0.962431744722925,0.011759969947112222,10
combined_ridge,aa973cbf-933d-4f92-a0bd-556eb41274b5,south_calabria,0,0.928861201045789,0.0290712949268274,10
combined_ridge,aafefe00-0ac4-45e8-9968-f0ff9448e0f2,north_calabria,1,0.6662119086643327,0.05727403125435163,10
combined_ridge,ab616ee7-1423-470e-8ec2-0e6096518011,north_calabria,1,0.9316236960950676,0.019021024675243373,10
combined_ridge,ab8b74f1-aa18-422a-827d-44eefd01b2e8,central_calabria,1,0.9542115868340948,0.01853579486881685,10
combined_ridge,acf6f595-5139-4b76-ab28-b5a864e0f41f,north_calabria,1,0.8224036075240513,0.03803829856004896,10
combined_ridge,acff0d3f-94b2-4f7d-a01f-7365a0d9c2ba,south_calabria,1,0.9004905144487217,0.03643084827036587,10
combined_ridge,ad4c6519-5da8-4b7b-a7c4-f54463229092,north_calabria,1,0.951840652057301,0.015898451453150494,10
combined_ridge,afdc270f-1f2f-4cd2-9bf9-ef5d6356b109,north_calabria,0,0.01840920556479366,0.009482216294613818,10
combined_ridge,aff9b927-4df9-4db5-a7d8-204282dc0442,north_calabria,0,0.9146532717785487,0.030904664495237856,10
combined_ridge,b0bef4b1-59ae-41f4-8662-8aee92560c24,central_calabria,1,0.6636643885298056,0.09238031849721733,10
combined_ridge,b0e1c106-ec2e-416f-a65b-08a4124a0769,north_calabria,1,0.9719144094802141,0.013237553235588366,10
combined_ridge,b100b4af-3cd4-4281-8e00-23836e4bb0c2,central_calabria,1,0.6778692939581198,0.0844753356222384,10
combined_ridge,b1789587-5b2f-4183-8766-1ff749d9f4e0,north_calabria,1,0.8910193517148691,0.01863371839012761,10
combined_ridge,b26a3a0b-2742-45b7-8cf7-94457d227e98,north_calabria,1,0.8417890380635409,0.030181986838963365,10
combined_ridge,b2c8612f-91d2-46fc-9074-133c2c48c499,north_calabria,1,0.9139545813380726,0.0405412902205879,10
combined_ridge,b34c8637-c05a-4874-b100-e5678bfa61fc,north_calabria,1,0.9949268805533963,0.00258242783982962,10
combined_ridge,b403791c-f415-4f93-a283-4a42348cc884,central_calabria,1,0.9203624073118206,0.03261786937813862,10
combined_ridge,b429426c-78e9-4195-8107-28ac93dc95ef,north_calabria,0,0.815956289846531,0.06622065451722713,10
combined_ridge,b4ebfa59-660d-41d9-b44d-8f35d353c8c4,south_calabria,1,0.9832304959581304,0.004091194391702242,10
combined_ridge,b5384a2e-fe82-4fcf-a7df-032c096860ee,north_calabria,0,0.38013439509839236,0.10062504200490203,10
combined_ridge,b562c8ba-78e2-4961-94f2-ba1751235f26,south_calabria,0,0.19409870314079683,0.0419861843204662,10
combined_ridge,b59afa5f-8122-4850-87a0-7e123a951688,north_calabria,0,0.12571716048005185,0.033873687471733284,10
combined_ridge,b610ec08-6416-4812-9e6b-1fbb2b84b6e3,north_calabria,1,0.9765742698102271,0.010544988145075738,10
combined_ridge,b62a8fc4-17bc-4b90-abe6-975e87963dc6,north_calabria,1,0.9170698423540351,0.016203350378577924,10
combined_ridge,b63e283a-af95-43c2-9658-00391011628d,north_calabria,1,0.9840002486801362,0.005500861873386835,10
combined_ridge,b76c53ef-8cba-4f1d-b58e-9f9cfe600ae0,north_calabria,1,0.891333287290108,0.03193909010270555,10
combined_ridge,b8d127d2-b0e8-4647-974a-043fb45bd0bb,north_calabria,0,0.929994858784562,0.01828990866273518,10
combined_ridge,b9283d12-368c-4cfd-9d70-ad09219dccff,central_calabria,1,0.9846399327790778,0.007645000446309422,10
combined_ridge,b95ca791-e41f-48c7-be35-7a3fcd83a366,north_calabria,1,0.9952523899426827,0.002499893667970783,10
combined_ridge,ba24e946-3224-458f-bfcc-73c50116aff7,north_calabria,1,0.9840170604405095,0.004401332490079032,10
combined_ridge,ba491d00-0443-433e-9794-47c5a2d9b298,north_calabria,1,0.8885828463939012,0.0323451450235916,10
combined_ridge,bac558ba-1b7b-45b8-8b7c-051aa1b8d731,south_calabria,1,0.8046134898097161,0.030056223272393566,10
combined_ridge,bae68644-7473-4023-a420-1087d388429a,central_calabria,1,0.9073659653349884,0.019909151371899806,10
combined_ridge,bb47584f-0e12-4ef7-a19b-4d232e72b7e9,north_calabria,0,0.7405689538169492,0.14423773605384949,10
combined_ridge,bc39d7aa-5747-447a-95d0-39dca5b36829,north_calabria,1,0.9484745664754275,0.010776506371418222,10
combined_ridge,bc3c4e4c-5bd4-4752-9499-cef599ca7fc3,north_calabria,1,0.8535026133942146,0.04876989415091732,10
combined_ridge,bcc12f4c-190e-4aae-a69a-007cc8c3f423,north_calabria,1,0.7728362518852367,0.034976478155725764,10
combined_ridge,bd84daa4-bb3c-4a5e-9182-1f14224b9e30,north_calabria,1,0.9228597401699457,0.033986924581178427,10
combined_ridge,be4b9101-295d-4067-a7fa-c376e4967524,north_calabria,1,0.9344468164787074,0.02424660878424602,10
combined_ridge,bef24b6d-8fca-4974-b35c-a6fb15e0ee02,north_calabria,1,0.9562383210749316,0.015430917221414337,10
combined_ridge,bf430b5f-dec6-4c64-a93e-a3f994f67a19,north_calabria,1,0.9855821966462681,0.00431172413534913,10
combined_ridge,bfdd5d20-8bdc-42ad-8dde-ffb9800c4852,north_calabria,1,0.9242530545300127,0.011344290511187585,10
combined_ridge,c05b1454-43e1-4df2-b82a-8333613732d9,north_calabria,0,0.5105512599759702,0.1189801634495449,10
combined_ridge,c10a885b-8af8-4f83-8593-7b96b5841ffd,north_calabria,1,0.9670684326457494,0.011454549657183701,10
combined_ridge,c25e2445-db4b-415e-9d06-9651e5511705,north_calabria,1,0.8393069174245686,0.09370948792527077,10
combined_ridge,c3c90121-6715-42c6-90f0-991cef731f26,north_calabria,0,0.34395276572647543,0.19155474904073533,10
combined_ridge,c6773848-af01-47ee-89f2-5aea394ef2df,north_calabria,1,0.9914371865063518,0.003580071018469134,10
combined_ridge,c72941a3-dc5f-4bd2-b83c-821ad895b90d,north_calabria,1,0.9660379187656296,0.011539687125862917,10
combined_ridge,c7ca7365-b7b5-4244-b8d6-eef45842dee4,north_calabria,0,0.49330726573779204,0.08586260045735217,10
combined_ridge,c8004074-d794-4937-8a51-7d4df78c55be,south_calabria,1,0.9813238460414162,0.007310803147097976,10
combined_ridge,c821c208-d055-4990-b43e-a02a7e7c95b3,north_calabria,1,0.4292510566496346,0.06645389450877592,10
combined_ridge,c880448d-4946-4792-8f22-15bdc72d4224,north_calabria,1,0.940817316146739,0.03207712441101716,10
combined_ridge,c89ce338-60b3-40e1-a14d-f118aa9b949c,north_calabria,1,0.9340351366859382,0.019557693489141176,10
combined_ridge,cae37c5a-d739-4056-b566-9d4c0dfbab92,central_calabria,1,0.7258168311093005,0.07113830357723898,10
combined_ridge,cb098c94-9e0c-4efd-9fdf-e072bdbf799e,central_calabria,1,0.9962706271130088,0.0022277998244743242,10
combined_ridge,cb652ebb-5e9f-42f9-a97a-5956ec2cab7c,central_calabria,1,0.9900181752541748,0.005416759796538754,10
combined_ridge,cca25d56-750b-475a-833d-a8be0d425c2a,north_calabria,1,0.9819602958487703,0.005159132870553164,10
combined_ridge,cd3ec7df-fced-4dfb-ad06-094c65770782,north_calabria,1,0.7859968062610492,0.10443836008152364,10
combined_ridge,cd7618b2-e0c3-4e36-84d0-bab75b172a09,north_calabria,0,0.7212373704670528,0.11718278430322587,10
combined_ridge,ce1d4a2a-5f31-4ac0-a2b6-91a606ddd2b1,north_calabria,1,0.9059557887625436,0.023373843088658017,10
combined_ridge,ce3b116f-a84a-43d0-8b26-6986d001c4a6,north_calabria,1,0.2361846477423443,0.05217558290661462,10
combined_ridge,ce62d29c-d19f-49ca-a69b-bf8375300ab8,central_calabria,1,0.32498278379695755,0.07368822600019775,10
combined_ridge,ce6fc4d0-9e9f-4e49-bd11-35d27b7892fe,central_calabria,1,0.9485455729970897,0.025548294598822924,10
combined_ridge,d00f4b52-dd1a-4a88-ab34-433baf10e6bc,north_calabria,1,0.9449756976279498,0.010317096691846994,10
combined_ridge,d04fc3d9-e103-48e5-ac84-acb37ff7e23b,central_calabria,1,0.8401113421783604,0.029277186945589197,10
combined_ridge,d07199dd-43a6-4336-8eb9-156d48417701,north_calabria,1,0.9562416115498079,0.008953925076234293,10
combined_ridge,d11166b9-8885-4dfe-a3a6-f12852fe41ba,north_calabria,0,0.7101638011903182,0.07197184549650103,10
combined_ridge,d11b74c7-0707-4609-9e17-5370835a8434,central_calabria,1,0.9706343696887367,0.012059575090311438,10
combined_ridge,d194620e-7f10-4163-b055-c5861c64427c,north_calabria,1,0.9775808399195821,0.017776145829011932,10
combined_ridge,d213ebef-79cd-4c88-89d8-09276018d836,central_calabria,0,0.5170286148301163,0.0702767550531685,10
combined_ridge,d2383140-0843-4e07-b70c-f4accc9159a7,north_calabria,0,0.7310289119703733,0.08490545391925626,10
combined_ridge,d23e6bcd-12be-4847-ae22-835bacf10787,north_calabria,1,0.8747040914919421,0.027401230778331145,10
combined_ridge,d2f24500-65cd-42f0-80a5-c2ea866bd9de,south_calabria,1,0.9236873297796139,0.014588794684392906,10
combined_ridge,d3477389-7d24-4796-ac3c-0deba52b5dd1,north_calabria,1,0.9860033815496161,0.006451103704013747,10
combined_ridge,d4a2bba7-2777-47df-8d2c-5cf093093e9e,north_calabria,1,0.9925935193704987,0.003880486055514042,10
combined_ridge,d50cdff3-1ac0-46ba-a31f-b45eca251ed2,north_calabria,1,0.6276604485538824,0.055196216240206805,10
combined_ridge,d580fabe-7af8-4733-bda7-a855966d163e,north_calabria,0,0.699138549778463,0.08824603209449743,10
combined_ridge,d640aa56-1b42-4a72-9335-7b5b23c6cf82,north_calabria,1,0.8839860771501954,0.02779836132221913,10
combined_ridge,d66eb470-eaee-45a7-b109-29fdfd333c61,north_calabria,1,0.9878123682665869,0.01004916693492267,10
combined_ridge,d67caef6-700f-4655-93fc-85bdcf49694a,north_calabria,1,0.5155938655436898,0.07256528976163434,10
combined_ridge,d6996345-a922-452a-9c41-636c696864e0,north_calabria,1,0.959061596454549,0.017199751679620217,10
combined_ridge,d6fb84e3-b184-4417-b140-23637d276e71,north_calabria,1,0.9860496678158492,0.0038106069468531495,10
combined_ridge,d7d5c207-c390-4ca1-a593-8896d60af80d,north_calabria,1,0.9687721354538945,0.008787486856862876,10
combined_ridge,d94001e3-f949-4b70-b12f-8250fae9236d,north_calabria,1,0.851795474669123,0.028403647611743153,10
combined_ridge,d96ed53d-8b4b-45b3-b436-9ab24b3bcb29,north_calabria,1,0.9354401223853681,0.01881399437103032,10
combined_ridge,da355dd0-92ed-4741-9339-8cfa06920199,central_calabria,0,0.1293827503979314,0.03401983247612897,10
combined_ridge,dc0ee0db-fbd2-4f3f-9f44-eb7e9e635af2,north_calabria,1,0.8877446863137971,0.050675455155769177,10
combined_ridge,dc930272-b3e9-4d3b-8cf5-8d8b471de1bb,north_calabria,1,0.8232358880054763,0.03527009695624376,10
combined_ridge,dd59b1a1-96b9-424a-9f3d-48d56dd4fb7e,south_calabria,1,0.8748661916895581,0.03548630605935244,10
combined_ridge,de47aae7-2161-485e-b5f8-244d040e6bf5,north_calabria,1,0.7548440884946006,0.061211649334945814,10
combined_ridge,df2611ec-8650-4051-9b7e-f345a5cf8b09,central_calabria,1,0.9784998779959924,0.008069747106758424,10
combined_ridge,dfa634d7-439a-4b2b-8f40-681bbeb3e8b2,central_calabria,1,0.9550434522864826,0.02815312341390881,10
combined_ridge,e0c72bc8-feef-4e3f-83db-74909b340a55,north_calabria,1,0.947071731153809,0.017554927926401915,10
combined_ridge,e0e94705-5261-4a27-a95b-458eb087231d,south_calabria,1,0.8967116406118146,0.044298010887193116,10
combined_ridge,e219b958-05d2-498a-850a-3f055f1f3c57,north_calabria,0,0.9586481272300672,0.014651657485873883,10
combined_ridge,e383adfd-6a9f-4360-a0ea-c40669b68b8c,north_calabria,1,0.3451686045065327,0.09506301021279975,10
combined_ridge,e385fb32-0936-4167-a3c0-34158f90c289,north_calabria,1,0.9823237928095632,0.008685147693313277,10
combined_ridge,e46727bc-af30-4386-a1b3-722be9bd7972,north_calabria,1,0.5332881726888707,0.042574484244525694,10
combined_ridge,e5d216dc-f861-4914-b410-6918a6e5d0f7,south_calabria,0,0.3794326076230913,0.09469193340968027,10
combined_ridge,e61f659a-e5e0-4c12-b9d3-44626980afe7,south_calabria,0,0.6751018771167968,0.08182048659815526,10
combined_ridge,e7602f95-abd5-4c86-8585-8c221da829be,central_calabria,1,0.9786277737660424,0.009865299240698476,10
combined_ridge,e7cf290a-c0a9-4445-a655-beaf8c58141f,north_calabria,1,0.9776840164476617,0.007607470142324941,10
combined_ridge,e81d287e-8b06-4782-91ac-9d7c74e701bc,central_calabria,1,0.6417651273896073,0.0454176318439805,10
combined_ridge,ea61c138-c377-444a-b669-c39d84e87350,central_calabria,1,0.9495297210673128,0.014866290466163164,10
combined_ridge,eb6674e7-c655-48dd-b200-7f58d3ce2b9e,north_calabria,1,0.9597467452915949,0.02104920309183073,10
combined_ridge,eb975401-cb68-420d-97ae-0c6174d7ca47,south_calabria,1,0.9606947448183043,0.019749181960914942,10
combined_ridge,ecc27547-8ab6-4724-8b86-b877b3957f93,central_calabria,1,0.9854495352217973,0.008786120809055218,10
combined_ridge,ecec9225-22ec-4738-b0f5-a8031439cee2,north_calabria,0,0.39412023714120703,0.07861391989228562,10
combined_ridge,ee661ac0-e1b6-47d3-87ec-f86f7a6cc806,north_calabria,0,0.72700108484777,0.04502534880679706,10
combined_ridge,ee92ad4f-5c0a-4143-8a89-d881e09b6a55,south_calabria,1,0.9940667613416576,0.005268930138355653,10
combined_ridge,ef1b2d1d-08ae-4d39-8e19-897bcc66e9bd,north_calabria,0,0.5624482219556803,0.07470875944026602,10
combined_ridge,ef355117-1784-4646-8889-84be3f43b197,north_calabria,0,0.6801337641910344,0.06222735519433036,10
combined_ridge,efc35763-b4fd-499f-8ede-a7a97c0abe44,north_calabria,1,0.991148415505221,0.004652074415586344,10
combined_ridge,f0389b55-898a-43ac-ad18-89d9c96b443e,north_calabria,1,0.8409750091319651,0.021531618131395532,10
combined_ridge,f03ebfdd-7cf1-40d0-8f06-40a87fb7e37e,north_calabria,1,0.4556649030738549,0.12017389900643602,10
combined_ridge,f0b7311b-9105-4887-b0a7-ea6782153bf1,north_calabria,1,0.9620912973080504,0.02029224039139851,10
combined_ridge,f17f4011-1117-4400-bebc-d1e52e454c42,north_calabria,1,0.7712588782901879,0.04615474487139936,10
combined_ridge,f2c013ae-0e7c-4c72-be43-6bf679a6466c,north_calabria,0,0.7098504628152649,0.0545833838175145,10
combined_ridge,f2d9b38a-668a-45b5-ac3d-211789791177,north_calabria,1,0.9031167307339552,0.03399939126254699,10
combined_ridge,f41427d4-2eec-4342-afda-f7b91abfecf6,central_calabria,1,0.9261386519824792,0.018275040046879663,10
combined_ridge,f4a59980-311d-420c-8b0f-03cf981eef29,north_calabria,1,0.9646026130319802,0.009291072985449012,10
combined_ridge,f547f146-4f35-4210-8586-3b2beaf81c91,north_calabria,1,0.39898305914373766,0.0846998351066089,10
combined_ridge,f58490a2-7378-4d59-a9a4-bdb9fbb53799,south_calabria,1,0.5461514948179456,0.16553345036358005,10
combined_ridge,f5b5b142-51cf-422c-be5d-bb1030b5104b,central_calabria,1,0.8247839585329719,0.045554496658248456,10
combined_ridge,f5d86fe6-a377-4662-8f14-3bd8af2f89c7,north_calabria,1,0.8871812733520876,0.028837395837120708,10
combined_ridge,f5e5405b-f597-49bc-b637-55a01e6ffb1c,north_calabria,1,0.9977498249074941,0.0019677511486647726,10
combined_ridge,f64a6be1-9f15-4d73-9312-68e5bdbdbaa3,north_calabria,1,0.973744585046877,0.00653895271468292,10
combined_ridge,f6c4d039-3988-45e6-9dc3-ac217589d3ad,north_calabria,1,0.9914193586190401,0.005653024145077081,10
combined_ridge,f6fa973e-5556-4747-9eda-8d06b220a4c3,north_calabria,1,0.929938006065464,0.037089388269603354,10
combined_ridge,f73ebccc-8d45-4b85-9c05-0054797b49cf,north_calabria,1,0.7727204472869013,0.06742540881100974,10
combined_ridge,f74340c1-e9c0-4ca8-bba7-23dc781ba445,north_calabria,0,0.14306071427484918,0.04698190510836306,10
combined_ridge,f7d8cb46-3200-420a-bf30-a1d79e8cd8c1,north_calabria,1,0.910941484557082,0.01629499721631572,10
combined_ridge,f8f7c51a-bfa8-4451-ad86-2e563151aadd,south_calabria,1,0.8963080984963501,0.02461089750360531,10
combined_ridge,f97be8f0-b9fd-4bea-8f5a-45f57bf2bc3e,central_calabria,0,0.02193338141572305,0.006181048771248993,10
combined_ridge,f9c3a864-b06d-436a-bb5e-3c69a7f838b6,central_calabria,0,0.6043632549814798,0.07243790467569879,10
combined_ridge,fa5d6b92-589f-481c-90a4-e9ead4701bf9,north_calabria,1,0.9422789905945205,0.02086190510043795,10
combined_ridge,fa68a229-21b9-4fc5-b637-77d1bc914ba9,north_calabria,1,0.9265362869252819,0.02186646065820427,10
combined_ridge,fb66c21b-51dd-4070-8a85-beb5ac43ee67,north_calabria,1,0.9156538871681775,0.019448765684928097,10
combined_ridge,fbc95eca-e780-49e2-9135-a07bfe4a75a7,north_calabria,0,0.9789616118414195,0.009768543438090329,10
combined_ridge,fbcbbe83-5fc0-4da4-8a51-dc723b489103,central_calabria,0,0.308497234138962,0.08539157925342251,10
combined_ridge,fc35308f-5965-4589-b9eb-df4515261f48,north_calabria,1,0.8263704937277707,0.05209190270944963,10
combined_ridge,fc593a03-e948-466a-afb7-5dcbdfebba29,north_calabria,1,0.7385524403033537,0.08000531836260298,10
combined_ridge,fca36657-c68b-4dcc-9f7b-7ade95d71b27,north_calabria,1,0.9049410458334439,0.017627548119441633,10
combined_ridge,fd3319c8-a309-4069-8462-ee3042def336,north_calabria,1,0.7866509487876423,0.05759861390484084,10
combined_ridge,fe45959a-5ccc-43cd-8250-128ab0bb32d5,north_calabria,1,0.8281799988376054,0.04427015104001702,10
combined_ridge,fe6a8187-c57c-43bc-960d-c41ca547bde7,north_calabria,1,0.9946909646889182,0.002600061695671238,10
combined_ridge,fe98d1d6-4510-4949-8ebf-5b9be631b077,north_calabria,1,0.9478397805879828,0.016547452042896652,10
combined_ridge,ff24a594-7284-4fff-8911-b7ab9f68bfb0,north_calabria,1,0.8927571393214773,0.03161167773303633,10
combined_ridge,ff29589f-3103-4277-b455-f478488dc77c,central_calabria,0,0.7928749873213699,0.08314066172205556,10
combined_lasso,002b205a-66ef-4245-aff0-d0d208424c29,central_calabria,1,0.9464612296108633,0.04008511885562889,10
combined_lasso,007abe55-e5c6-4770-8aa1-9a44b56118d1,north_calabria,1,0.9373141826839534,0.045581669664610934,10
combined_lasso,0125be16-f40c-41ac-8672-9d2bd49b8330,north_calabria,1,0.9827135746685405,0.004865346433971027,10
combined_lasso,01375f8d-1b47-4577-8fbb-267c9741fec8,north_calabria,1,0.2833200385318791,0.06788324370685749,10
combined_lasso,0178afdd-dc28-4c5a-9db0-cf2560762c21,north_calabria,1,0.7339506220647329,0.06657787186177962,10
combined_lasso,018750d5-285a-4767-b84b-cb57bff4f0fa,central_calabria,1,0.8147521209211106,0.06236299894920395,10
combined_lasso,02086d64-3655-449d-93bd-158565b16409,central_calabria,1,0.9058959744560852,0.02408319439279434,10
combined_lasso,026478dc-4dfa-43dc-baa4-1f31a24c3766,central_calabria,1,0.9116842701258243,0.05289878981937907,10
combined_lasso,0265799f-033d-4f8f-b128-73273183574b,south_calabria,0,0.34242401705296804,0.1218457740736913,10
combined_lasso,048533a2-7b2c-4208-a850-f45714b97e61,central_calabria,0,0.562607376026901,0.12482265401503584,10
combined_lasso,0651ef0e-b828-406a-947e-f6b311c8d2fe,north_calabria,1,0.5323077663956779,0.06577023606428607,10
combined_lasso,06611573-7622-4e17-88c6-c2cdf3f6450c,central_calabria,1,0.9490737339625198,0.0107488156859663,10
combined_lasso,06da04de-4550-495c-9e75-f936a2c36b47,north_calabria,1,0.47035564798516577,0.043706435907110604,10
combined_lasso,0732c236-15e5-45ab-a8b8-1401bb532ae8,north_calabria,1,0.9234667903494195,0.020895070870582476,10
combined_lasso,0748a84b-5fc8-4728-a099-572f6b022b72,north_calabria,1,0.7846335754443534,0.1589664701729051,10
combined_lasso,0752391a-d005-4a34-8c37-38d287dfbced,central_calabria,1,0.8833052127640212,0.018545607088057792,10
combined_lasso,077a22c8-0019-400b-9000-1f39cc5d0b39,north_calabria,1,0.9551501503881719,0.03756705138770058,10
combined_lasso,07be58b6-ef77-4aae-9631-45856f71660d,north_calabria,1,0.9494194250977948,0.014296657871301292,10
combined_lasso,08366a19-b37b-465d-bde3-e6db3b02da99,south_calabria,1,0.7959493117736725,0.04834676433658944,10
combined_lasso,08e8a819-3549-44ed-8071-106f8f81c62e,central_calabria,0,0.6638185737003651,0.07295277600451866,10
combined_lasso,09a49418-d48b-40a9-abb6-8f0da5637e75,north_calabria,1,0.9100050687036927,0.027422862475716684,10
combined_lasso,0a7d3c16-632d-4000-a848-91ea92007318,north_calabria,0,0.6126573932974656,0.06410875733460851,10
combined_lasso,0b877e85-da03-4389-a9d0-3dfad92cc4a3,north_calabria,0,0.295163201864333,0.05417533035840498,10
combined_lasso,0c3ef04e-773b-432e-98de-dfda0db083c6,north_calabria,1,0.9356533036920499,0.020667469634005592,10
combined_lasso,0ce42e15-7610-4c07-93ab-196599648b1c,south_calabria,0,0.5303808436964305,0.07381326816264036,10
combined_lasso,0d70d971-b04e-4c14-8f58-96d3af297c10,north_calabria,1,0.8698004877411438,0.03182086332408986,10
combined_lasso,0fdd8d0b-58b4-48b4-91f2-f50da34f6667,central_calabria,1,0.9023993846178332,0.018636560612585135,10
combined_lasso,10043020-6379-40ee-b6fb-50cba1f39c71,north_calabria,1,0.9853869998527587,0.012961828747393914,10
combined_lasso,1084cbf8-b18a-4e34-a7c5-a824e63a55e1,north_calabria,1,0.9441562514691684,0.021909876029070553,10
combined_lasso,10c43020-8cd0-41d5-ad2f-c887e5806535,north_calabria,1,0.9787784518594176,0.017860411428295708,10
combined_lasso,11553afb-2509-432d-aa21-5c1185c9c4a3,north_calabria,1,0.9906075358580674,0.006264695320014602,10
combined_lasso,12acd1cf-dd01-453b-afb8-aebeffae6577,north_calabria,1,0.6380798295348608,0.08426699641922888,10
combined_lasso,12b6180d-8658-475c-aa42-d625675fe821,south_calabria,0,0.41269390746722695,0.08411715951821372,10
combined_lasso,1385529a-1392-436d-9ac0-02421c7c3729,north_calabria,1,0.8805690004985214,0.04356910355287838,10
combined_lasso,14b011ae-c028-4515-82b2-cd39996d7a33,north_calabria,1,0.9697322014851206,0.016073536148705554,10
combined_lasso,156c4f03-a080-456f-a61e-7f322628ebac,north_calabria,1,0.9292477078062136,0.031867654143893316,10
combined_lasso,166368a4-21e1-422f-98f6-3f9f651a8e36,north_calabria,1,0.7925826483609757,0.03214269894423345,10
combined_lasso,17291e32-3365-4f35-8ca4-4734c10f3cca,north_calabria,1,0.7980809149981938,0.06438089590110985,10
combined_lasso,1798faf7-64d0-43a6-af40-afc3b261419c,south_calabria,1,0.9219926544234835,0.042720912140241284,10
combined_lasso,18335feb-4f5d-4c38-83b4-6d548893cc1d,central_calabria,0,0.48374403490457335,0.08503293299601924,10
combined_lasso,18e2d9e8-6f8e-43c4-9542-0f63b3729bd2,north_calabria,1,0.6904925532182167,0.0789308918083023,10
combined_lasso,1a598ff1-1141-4d45-a696-00ecc9d2eb25,north_calabria,1,0.9024177424954063,0.032385328608008114,10
combined_lasso,1caad9e5-3cdc-4531-8b8f-f731e92fa6bf,north_calabria,0,0.687910722754259,0.06102574545816458,10
combined_lasso,1cc02c24-7700-4eb8-a8a0-20446c75380c,central_calabria,1,0.5347971267287429,0.06968447211525876,10
combined_lasso,1ccaf99d-d14a-4094-87f1-c25730f927d8,north_calabria,1,0.09511325579334987,0.04553364674695715,10
combined_lasso,1dae1cc8-9433-4596-9783-b0603717dba7,north_calabria,1,0.9180462693770701,0.02769127677424197,10
combined_lasso,1f65d9d2-af2b-4f2c-94e8-28edff449ec0,north_calabria,1,0.9332283014932082,0.019147586591519758,10
combined_lasso,208f5adc-6851-4b9a-8ddb-0c15e4c76e8c,north_calabria,1,0.9618896776845094,0.014891077520358927,10
combined_lasso,2189620a-40ad-4c2a-977a-096eec44a72b,central_calabria,1,0.5630484393574866,0.03818417800839327,10
combined_lasso,21e256cc-0696-454f-a6f9-1002dca171d1,south_calabria,1,0.967970003080225,0.013801155756312827,10
combined_lasso,2382ef96-5c32-427e-afaa-2fb95e3feaae,north_calabria,1,0.5897906327829003,0.09850057655626317,10
combined_lasso,23cc46eb-3a72-43f5-ae70-4c4b630362b9,central_calabria,1,0.22752671321909426,0.04298865382950263,10
combined_lasso,23d6058a-60a2-4fa1-a608-c0e81561ad4f,north_calabria,0,0.7652913900178506,0.01862523372148557,10
combined_lasso,23fd7b49-5f72-43c7-b44b-efdc9c82720f,north_calabria,1,0.7026886632450665,0.05774839065480505,10
combined_lasso,2414161d-5772-42b3-9636-8e5558d985f2,south_calabria,0,0.9153372608221664,0.03598748012656236,10
combined_lasso,25468458-e458-4620-a513-b5125d0a1c00,north_calabria,1,0.7606183301690111,0.039842741190373926,10
combined_lasso,25b193c3-7321-4092-92d5-0d9ac46bbcab,north_calabria,1,0.9819382695866983,0.0069223498880345,10
combined_lasso,25dc774a-34ae-48d7-ab92-caf34852d21b,north_calabria,1,0.9576797099264335,0.01667440560039077,10
combined_lasso,2601d7fa-8731-4d9a-9d7a-5e6acf047687,south_calabria,1,0.9280756722988797,0.03177942426658442,10
combined_lasso,27ba227f-9253-491d-8581-7751d3ad79a7,central_calabria,1,0.8900443589348781,0.01956044420855598,10
combined_lasso,286a95e9-206b-4925-8304-21182e129a45,north_calabria,1,0.5134958940296142,0.08675002333316993,10
combined_lasso,293587f3-cf98-4e78-a782-cac355237d88,north_calabria,1,0.941705781566322,0.022819985519082982,10
combined_lasso,29993089-3877-4657-86e5-2988e5a10017,north_calabria,0,0.34825319563074886,0.12339753394247072,10
combined_lasso,29a6b1ed-7f6b-4df2-a13f-9d53daa4a49e,south_calabria,1,0.8476683174712656,0.06662116952941347,10
combined_lasso,2b881276-810d-472c-922d-6a8af80f10a9,central_calabria,1,0.9563702728392448,0.030466063044029563,10
combined_lasso,2d07dccd-ec34-41b3-acd8-9f34f31d3f46,north_calabria,0,0.28800555987810245,0.08436315187431334,10
combined_lasso,2dbaefcf-ec49-4c81-9bb3-d0a33360de7a,north_calabria,1,0.939989537304689,0.032580270074843196,10
combined_lasso,2fe533aa-a325-4ce8-96d4-01412b32ef1d,north_calabria,1,0.7827466575101683,0.05154343930916588,10
combined_lasso,314897f6-b485-47d7-8275-42a8420ffdc3,central_calabria,1,0.8450394950009192,0.10617180755802108,10
combined_lasso,319434f5-fa02-4152-9f7a-84e9b2751b7e,central_calabria,1,0.9733292768045383,0.007399562673495228,10
combined_lasso,3254fd56-4a43-438c-af85-d01b3d630793,north_calabria,0,0.04843275599725423,0.025328900817606186,10
combined_lasso,325c910c-85ba-4274-a12d-2347def792c0,central_calabria,1,0.8180473621733186,0.05199891373102444,10
combined_lasso,328836a8-9f62-4cad-9f37-9b5731177279,south_calabria,1,0.9890310472683371,0.009168012300043979,10
combined_lasso,33128212-182b-4dee-9028-69d453e644ca,north_calabria,1,0.8835389054915875,0.03548559725449589,10
combined_lasso,33519d66-3bd6-4946-b405-933736b7c5b5,central_calabria,1,0.9780085403827815,0.0063135348433856955,10
combined_lasso,33e1f332-2116-4cdf-a683-57894654f7c8,central_calabria,1,0.652792915750775,0.09393414100887895,10
combined_lasso,353900eb-844b-4f8a-9344-3210e5c02b65,north_calabria,1,0.7277235186851383,0.045932581490154625,10
combined_lasso,35db8036-f229-4454-adcb-66d5ae3d75b7,central_calabria,1,0.934784814310454,0.030174388501976082,10
combined_lasso,37499c57-799b-407f-8533-dacd612d339d,south_calabria,1,0.825024817524552,0.05622684748981325,10
combined_lasso,380889f9-3710-4693-b0cf-c3e2658c5ade,central_calabria,1,0.9262962342392485,0.04365975868831846,10
combined_lasso,380a008b-755b-499f-b0cb-905f79a86106,north_calabria,0,0.4495156304729191,0.0921094439611668,10
combined_lasso,38ed5b18-1453-46fa-89c0-9d00e74cdfc0,central_calabria,1,0.678548697994001,0.05220365082452685,10
combined_lasso,3a1e4cb8-6e0f-4ca8-b78a-afa54373698c,central_calabria,1,0.9680815111311787,0.013043489823910662,10
combined_lasso,3ad21c01-982e-4a6f-aaf8-3504c6640519,central_calabria,1,0.4964169509139046,0.09049503287443605,10
combined_lasso,3af5b248-6783-4142-b9c2-9e1ce8b9fba7,north_calabria,1,0.7759429035854059,0.04189079074522776,10
combined_lasso,3c83ff0e-8a32-46ff-96b7-eb031d477178,north_calabria,1,0.9126847310988984,0.08515714667904134,10
combined_lasso,3cecd09e-14e4-4291-92f0-929f6d8f09e6,north_calabria,1,0.6502270952717717,0.0992199771326088,10
combined_lasso,3d0fa030-ee0c-440d-b274-efc176c8288b,central_calabria,1,0.7672242148177146,0.04381504686769386,10
combined_lasso,3dbe93ca-70dd-4611-a34f-9d80e27a636a,south_calabria,0,0.9083122819526872,0.032081562785860565,10
combined_lasso,3dddcf51-365c-4ab4-b911-1ea05f2fa911,north_calabria,1,0.5318008768930409,0.05658163167395977,10
combined_lasso,3efc03cb-1709-441c-abde-6325b026fa7b,central_calabria,1,0.8171967177622264,0.04901063490620092,10
combined_lasso,3f325802-20ec-46e8-b0be-fc65ce515648,north_calabria,1,0.9879406053408533,0.01630927203378862,10
combined_lasso,40292ea6-7755-4f97-8e8c-9346562dc6e7,north_calabria,1,0.955052727240227,0.010682809099683206,10
combined_lasso,407b6fa5-47fe-40cf-b49d-278d5b55c65a,central_calabria,0,0.09694566642078753,0.050290352946403445,10
combined_lasso,40fc9618-d1f4-4c59-9e20-d75132070004,central_calabria,0,0.19915146219735907,0.11483144921764737,10
combined_lasso,41280d99-1993-4f8f-94ec-15749c438a22,central_calabria,1,0.8139185508620651,0.020767717191631452,10
combined_lasso,41721387-75f4-40cd-ae48-ee1cf3f90d92,north_calabria,1,0.9691640394942371,0.023240640073676128,10
combined_lasso,41853a20-633c-43ee-9d60-18d8803c09ba,south_calabria,0,0.46985886504562846,0.1878604147113746,10
combined_lasso,4351489a-9018-4259-b4bc-346c31c18754,north_calabria,1,0.8190099735433705,0.037494563208665364,10
combined_lasso,43f09e2d-95e5-47f6-8f2a-88f367506cfb,north_calabria,1,0.9706086882003285,0.010582509364125463,10
combined_lasso,445906b8-9da2-44ec-82dd-e264d6e060de,south_calabria,1,0.8566928520764862,0.03210387467539663,10
combined_lasso,44aa22d9-54e4-4ac9-b75b-64ddaccdfc5c,north_calabria,1,0.9276509722620938,0.025737146988622586,10
combined_lasso,44b37f6e-6824-433b-9ff9-77b2fae9b25a,central_calabria,1,0.6055772204633255,0.17044836338127625,10
combined_lasso,4518b2a7-3341-40d5-8b93-720efe4f5af7,north_calabria,1,0.9765190564186689,0.007218933976989417,10
combined_lasso,466946c4-5b48-4854-8863-f240946db251,north_calabria,1,0.6134143801304262,0.13254925269374535,10
combined_lasso,47069a53-e55c-4ff5-8e61-a0da4949e717,north_calabria,1,0.04754749767910475,0.05475165697769129,10
combined_lasso,47d546f6-c454-492a-9571-8c0e8643d68c,north_calabria,0,0.7177405478791378,0.026662000770373773,10
combined_lasso,4854bcbc-b691-4c26-8ea2-427e2555da38,south_calabria,1,0.931919832915117,0.01860243493190604,10
combined_lasso,48ea0a34-f761-4e5c-8594-20254bb45239,south_calabria,1,0.9694942788959681,0.02024515347612698,10
combined_lasso,4947de30-f503-4058-9db3-e74e33aaf7b6,north_calabria,0,0.8542437998002356,0.033469545045497394,10
combined_lasso,49d298d1-8946-4ed9-b400-c13295ce0a06,north_calabria,1,0.969740230221596,0.014024574046962817,10
combined_lasso,4a8854f3-5208-4457-96ec-2da6277c2686,central_calabria,0,0.7242421086152433,0.06944599960813791,10
combined_lasso,4b0713bc-bcbb-4c1d-bbb2-25771826c156,north_calabria,0,0.6988773371612365,0.08640656718404936,10
combined_lasso,4b48dc69-2361-49b7-a1be-93f05a6feed0,north_calabria,1,0.9588755115064013,0.023094955122348357,10
combined_lasso,4b5b5951-5f78-4e4c-a3f7-8957955eb401,north_calabria,1,0.9957524650202025,0.0019510348595677574,10
combined_lasso,4c3544d7-edfd-4ef2-96d3-08fd57b82df2,north_calabria,1,0.9582564987201465,0.011775448765099285,10
combined_lasso,4d3d8189-846d-4636-9f95-4da9ea3ddaf3,north_calabria,1,0.9916493101846895,0.006585878037847305,10
combined_lasso,4e7bb0b4-4f7e-44e0-9520-84f4c6220d18,central_calabria,0,0.8635075319700579,0.024482762464543405,10
combined_lasso,4e97640b-dcc7-4220-ba74-b335ee19b7e7,south_calabria,0,0.6303215645323619,0.10615155227922436,10
combined_lasso,4f8794fd-2765-405c-8191-97e44205b5d8,central_calabria,1,0.9656171514345706,0.01730703496960652,10
combined_lasso,4fa67ebf-9b3f-4f7c-aef8-4906111b2950,south_calabria,1,0.9501352995911365,0.015497549148425358,10
combined_lasso,5037df75-c1a7-443e-8d0e-359cb7e0dea2,north_calabria,0,0.005930155374562381,0.003225810122290244,10
combined_lasso,51ddaeba-bcb5-4ba1-9555-294b3e47229d,south_calabria,1,0.9480878493053705,0.024278160206307537,10
combined_lasso,522b3ace-ffbc-4189-855c-4e38f7e1c0e8,north_calabria,1,0.8682295360490289,0.03128950401597107,10
combined_lasso,528b5405-4d84-4bd9-bbfe-3c214f061701,north_calabria,0,0.5652461932097843,0.06649198924872937,10
combined_lasso,52abf8a6-edc5-4dbd-9cb5-e2342c03a182,north_calabria,0,0.5248097958887085,0.11636209581142067,10
combined_lasso,52af5ab2-0b9e-4f94-930c-209d9e8e5c66,central_calabria,1,0.9177605491856766,0.015323784791453342,10
combined_lasso,540db45a-6e4f-41bc-b43e-74cc6671dcf7,north_calabria,1,0.7123423078992958,0.14146816642875049,10
combined_lasso,540e37ec-4c18-488a-8ff9-b27792319dea,north_calabria,1,0.8584679560138616,0.0503566664544048,10
combined_lasso,568b32de-d4d1-4a7f-829b-6fcd0c1f5da5,central_calabria,1,0.8689542327723838,0.024607838820186835,10
combined_lasso,57429120-2943-47e3-b537-51a53a80bd7e,north_calabria,0,0.9590041070940292,0.02847336957564229,10
combined_lasso,5767a739-1a36-480b-91b5-33560f263ecb,north_calabria,1,0.2812905776913264,0.106164017326174,10
combined_lasso,57dd2517-feb6-4320-9be4-07cfcbe88788,north_calabria,1,0.9930045253184913,0.008399998283419072,10
combined_lasso,58397a42-9e87-4e0f-911e-3e07dd5e286b,north_calabria,1,0.9720452754245708,0.01025887297552674,10
combined_lasso,58f91fa1-e590-42a3-947a-d014071eb8d1,central_calabria,1,0.8110250753039596,0.07077477174003138,10
combined_lasso,5a443163-b947-4d8b-abb8-607c3de64f65,north_calabria,1,0.9711200803337832,0.01471374538110468,10
combined_lasso,5d2da25a-6e59-40ec-8683-eddfc2c8593e,north_calabria,0,0.878314699848182,0.01963079259384865,10
combined_lasso,5e582a71-2639-4fd9-9e4f-d6bee4944d5a,south_calabria,1,0.730313107015755,0.049026066303248045,10
combined_lasso,5ef514b7-16ef-4dfa-93f4-cb95921e4bad,north_calabria,0,0.6967170040180035,0.09756853755043404,10
combined_lasso,5fb33722-941e-4414-b660-41dae7c799d0,north_calabria,1,0.8878419503462167,0.0586544841638586,10
combined_lasso,6010f5ea-4e98-4b6c-89cf-795a2972d572,north_calabria,1,0.887448418394843,0.026813724118384303,10
combined_lasso,60f32136-c60e-4193-a042-e4875dd39cd9,central_calabria,0,0.4834071690330949,0.07712591683798996,10
combined_lasso,616aa639-ebe0-47d0-953e-f93292e7e6a4,north_calabria,1,0.8914946494042288,0.05116259185076082,10
combined_lasso,6186b338-eff2-48df-8bc0-bf22e17bd285,central_calabria,1,0.9839411617329572,0.008006583453316394,10
combined_lasso,61f3e2a3-ff74-417f-a5f7-34f41ecb92b7,north_calabria,1,0.8635725454158072,0.019219507104558657,10
combined_lasso,62504f68-5101-45dd-b089-a689bd5a8f39,north_calabria,0,0.35138563408891954,0.06918011744472688,10
combined_lasso,628b71bd-3e00-4674-91a5-83d029a5dc6c,north_calabria,1,0.9509179375032002,0.015617107984093655,10
combined_lasso,6290bcc7-8822-4fbd-9a3e-359c48042e43,north_calabria,1,0.8175991395476065,0.044737346895044584,10
combined_lasso,62c0e54f-a75c-4336-9b09-22a85271ce7a,north_calabria,1,0.9963323148125298,0.0037389704364506247,10
combined_lasso,6361a398-edfb-44d8-87d0-890e5831efe8,north_calabria,1,0.976198358014653,0.014379892673760988,10
combined_lasso,64542385-492d-46a4-b453-71de46738c92,central_calabria,1,0.9540049322769241,0.02429388098125041,10
combined_lasso,64d40ec6-5a34-42b8-8554-b6fa5decb176,central_calabria,1,0.9469084361048384,0.015093606578514133,10
combined_lasso,654ca8d8-8f8c-4145-867b-f9b1fbb9a800,north_calabria,1,0.9453439884821229,0.010685679652949934,10
combined_lasso,65b4abd5-f277-42dd-84b5-a21aba38ce6a,north_calabria,1,0.7510491674448497,0.03488184460734465,10
combined_lasso,65f57ee2-d28a-4c9d-8b22-39209787915b,north_calabria,1,0.8976815708913758,0.030007857300894263,10
combined_lasso,66144fe3-4232-4714-9dff-c46f5e3c099e,north_calabria,1,0.2257191305735997,0.0939469064665207,10
combined_lasso,666d1cf0-b4b4-42a3-90a5-b81e71c94f32,north_calabria,1,0.6190158704158626,0.06132268496789406,10
combined_lasso,67094e79-5155-4900-a2aa-8fdb6c61c030,central_calabria,1,0.9318671673978471,0.018567067105702443,10
combined_lasso,6785a1e4-2104-4586-88ac-308cc9e13c1f,north_calabria,0,0.7756442248120766,0.0529869912904282,10
combined_lasso,683d1bde-a5c3-4a38-b531-b65a186db838,north_calabria,0,0.09983530803021727,0.06847005135815717,10
combined_lasso,6851ed58-e41f-41ef-ac05-4bd21e647e0e,north_calabria,1,0.9087048530893576,0.025554912373246155,10
combined_lasso,695afdee-94b2-4382-97a0-d62d8fe31a43,central_calabria,1,0.7642689325265133,0.06835969153550298,10
combined_lasso,6990286b-a934-43a5-959c-8e9d5b516c98,central_calabria,1,0.9474139756767924,0.015351725369706281,10
combined_lasso,69ccee85-078f-42d2-8f2e-ed32086741c3,north_calabria,0,0.8640331988096163,0.04028106830227593,10
combined_lasso,69e1438b-c7d3-4345-ace2-bf38a9d28503,central_calabria,1,0.7953075531149809,0.01856128888250855,10
combined_lasso,6a0c0b44-ff05-4dce-b2ac-16649ab61c3d,central_calabria,1,0.2503870886420863,0.05137417606016069,10
combined_lasso,6a9bba3d-26a1-41ab-9a75-6591f1a2f304,south_calabria,1,0.9780029255068662,0.007011793600935469,10
combined_lasso,6b350121-eb41-48b9-b404-2c0eacb8e16f,central_calabria,1,0.8795202652633816,0.05616354070822783,10
combined_lasso,6c5bf88a-b372-4589-9759-765268d97cc5,north_calabria,1,0.6958825030928596,0.17853837408006518,10
combined_lasso,6c5d511f-9f02-476b-a1c0-7927da590e7f,north_calabria,1,0.9069792904096049,0.03738776645671366,10
combined_lasso,6ca904bf-1821-4dc8-878d-1bbefe10387a,south_calabria,1,0.7437606518890447,0.057161086649844706,10
combined_lasso,6f9d8733-b651-4876-bc56-2e695e15f180,north_calabria,1,0.9368334136917433,0.01574663031454257,10
combined_lasso,703c3196-cb73-449b-a423-74c7b3269604,north_calabria,0,0.6389109852635851,0.098615925369855,10
combined_lasso,704ada79-3add-4f92-8154-bf059d1616f9,south_calabria,1,0.902495545130313,0.044827744976022356,10
combined_lasso,70595d37-a931-4a8f-876d-5e9b17e31b19,north_calabria,1,0.986702949620247,0.005364947214745325,10
combined_lasso,708f42b5-7ca0-48b3-afae-cecfa0bc8baf,north_calabria,1,0.7427254785853618,0.06720887702245523,10
combined_lasso,70919431-0788-4358-b6c7-2609f1053937,central_calabria,0,0.2823118617790813,0.15690152883512032,10
combined_lasso,70a7cd21-9650-4dbb-9c9f-5bd66f8056c3,central_calabria,1,0.982612114622391,0.008456149219095509,10
combined_lasso,70adbf10-18c8-4c4f-b143-0d1be2aa2733,north_calabria,0,0.1391549397255118,0.08497556852845109,10
combined_lasso,70f5b4ba-f5f3-4a78-98eb-1afd97217566,north_calabria,1,0.9029007401463873,0.04698496585740565,10
combined_lasso,719c17be-1fe1-49cf-9a9e-8cf0e5fb4fa3,south_calabria,1,0.7745788347769987,0.04079651868598377,10
combined_lasso,71b30008-50e2-4e98-bde7-b64ef5bf8c5a,north_calabria,1,0.8733287382496648,0.04637896165937341,10
combined_lasso,7252e5b1-69af-4762-99dd-fccff33e4904,central_calabria,1,0.6156972603670123,0.1535096175993954,10
combined_lasso,726a1946-8152-406e-8e36-9d73a3ed0371,north_calabria,0,0.5701963997785259,0.20233339821306506,10
combined_lasso,72a4e182-4e40-47af-b73b-dc29411cf8e9,south_calabria,1,0.9785882915238096,0.022884618731769706,10
combined_lasso,73752309-9a70-4ee7-9cc1-d8bd33330ede,south_calabria,1,0.7799018386231545,0.0650703414361937,10
combined_lasso,7450549a-5f95-4b9b-b230-e953fd447591,north_calabria,1,0.3534365460846293,0.20271274165068318,10
combined_lasso,766bfa3d-19b3-48c3-8b26-ec93967da0d7,north_calabria,1,0.8509918475424021,0.0460744758276505,10
combined_lasso,7852a9e9-3a5a-474e-ac44-f258f111a45e,north_calabria,1,0.8442219763620429,0.05008089714147112,10
combined_lasso,78c51236-c752-44bd-a650-1218f7d427b2,north_calabria,1,0.786576107314634,0.05894112196953117,10
combined_lasso,78fa3fea-5372-412a-bf86-17f0caf22d17,north_calabria,1,0.9784149723921223,0.014297924285771873,10
combined_lasso,7b92f856-4a89-439b-9f50-423993f88d67,central_calabria,1,0.7208568059450746,0.06044102547621063,10
combined_lasso,7c1f2d99-8673-4904-a5d2-054f03ea9cb5,north_calabria,0,0.9709100663859171,0.015753191154119675,10
combined_lasso,7f8bee06-88a0-4032-b52d-599d865dc959,north_calabria,1,0.8035972403046949,0.022158648183523734,10
combined_lasso,802e9b17-1386-4f77-ae08-c78923d88f86,north_calabria,1,0.9632068384496877,0.023637112155023694,10
combined_lasso,834c8845-e28e-4085-97d9-2711175e715d,central_calabria,1,0.8489509140158162,0.05844871944223177,10
combined_lasso,842cf29f-b5d8-44c5-a76b-60586d361512,north_calabria,0,0.4772531694982371,0.07292668155055389,10
combined_lasso,84c4cf6a-2dc4-4be8-a64d-a699c74b54ef,north_calabria,1,0.9664693637537004,0.015525255142890193,10
combined_lasso,859f7ff4-4b97-4522-959c-7a7e9f9ea8ba,north_calabria,0,0.61553789595341,0.11513655509612328,10
combined_lasso,865c847a-2cd3-46f5-b780-51206cb56a7b,north_calabria,0,0.06664615956062445,0.036821616510844285,10
combined_lasso,874750df-a4f7-4bd3-ade2-2f9b44fd0936,central_calabria,1,0.9377470363029043,0.02449318215596377,10
combined_lasso,877127cc-cf5c-4e77-bb6f-6cd92c61a6ab,north_calabria,1,0.9853753269547634,0.012155265020173096,10
combined_lasso,8990bcdb-4f6f-45a1-a206-d8e0dca436f4,south_calabria,0,0.2417945291767994,0.1424621683682234,10
combined_lasso,8afdfe88-df3a-4cf3-a620-0d88824cad1a,north_calabria,1,0.5147565727443286,0.13247980130971546,10
combined_lasso,8d910ba5-2704-451f-ac69-ae436abe4552,central_calabria,1,0.8232775135401711,0.044855573843239696,10
combined_lasso,8dd720ca-7ef2-4a42-a907-9e50e3a89b78,north_calabria,1,0.9037512586654936,0.03070548904001074,10
combined_lasso,8de06204-8f30-43c0-8288-3245cb515c58,central_calabria,1,0.9861838354772792,0.009185793448957515,10
combined_lasso,8e7518fc-9c42-4ea5-9c23-753ab43da34d,north_calabria,1,0.5977141292780347,0.09402202685787847,10
combined_lasso,8f4f4186-b95a-4b02-b877-169bed0d37eb,south_calabria,1,0.933680652692742,0.026963687013535263,10
combined_lasso,8fa153fe-f2c9-4636-91d8-e695b8b2ce5e,north_calabria,1,0.9809825910523877,0.004930939718684895,10
combined_lasso,8fcad545-f67c-4444-868f-222152578be1,north_calabria,0,0.5752582736484818,0.13535405293491828,10
combined_lasso,91559072-f10a-4fb0-a920-35da4cb5cbe3,north_calabria,1,0.8140935295983815,0.03463308280110476,10
combined_lasso,93885e13-ec14-44b5-bdae-9390be5f4219,north_calabria,1,0.7825263599050036,0.04967930986008464,10
combined_lasso,957e4b55-0826-41e9-85d2-a9c01aa7e40e,north_calabria,1,0.8565355583539389,0.055115879833015094,10
combined_lasso,9586c79a-3114-4af5-b599-ef0046f945b2,central_calabria,1,0.8823159189485228,0.037446049303643744,10
combined_lasso,95fb236b-d4fc-4957-a784-958617f071bb,central_calabria,1,0.9248110881303038,0.02565232517776057,10
combined_lasso,962f5054-7f10-4775-9bbb-b6cb21d8cd66,central_calabria,1,0.8863947822424686,0.039758200851284425,10
combined_lasso,9695e0c3-7854-48f0-b91b-de4170c89121,north_calabria,1,0.9599679842386394,0.009785408679635208,10
combined_lasso,96969f64-f510-4f61-be7b-02fd48ec8f62,south_calabria,0,0.7466303832647153,0.08147864031142776,10
combined_lasso,96b2c730-6a7f-462f-901a-6193f23d6dd3,south_calabria,1,0.9371734328719338,0.013209898027619444,10
combined_lasso,96c7776e-f064-427f-9235-64aad9297372,north_calabria,1,0.8918390420437351,0.02723769326333227,10
combined_lasso,96e7867e-b736-4eb0-ab3b-2c940d9f915e,north_calabria,0,0.07695522244197871,0.030641787161571347,10
combined_lasso,979178c7-02ee-47cf-a7d6-209464f6e28c,north_calabria,1,0.9651437007425832,0.029916805884751076,10
combined_lasso,987eb6e5-f160-43eb-a2de-42c1cc49c979,central_calabria,1,0.8443734493517935,0.0543070271844037,10
combined_lasso,99244ff7-3f7a-453f-a95c-cfc3642d8512,north_calabria,1,0.7589709440592853,0.06093184481479016,10
combined_lasso,9973e792-6cfb-4fc4-ae5b-77ed77e28a23,north_calabria,1,0.8412309561051211,0.044684807371492025,10
combined_lasso,9a08f338-717e-4938-bcbf-972731607099,north_calabria,1,0.8694339951349805,0.047870193827649385,10
combined_lasso,9a532a00-2a28-42ae-8848-fd05412e9800,south_calabria,1,0.8965335017300962,0.009923939099569477,10
combined_lasso,9a9db2db-6424-43d2-8505-3cc1848e2f93,north_calabria,1,0.9878371438026639,0.01426197886975453,10
combined_lasso,9b08ca1f-9ff0-4317-9d8f-d81da5dbf94e,central_calabria,0,0.17180215440880303,0.06905847032332077,10
combined_lasso,9c7a7513-57ee-475c-8dfe-8d191346776e,north_calabria,1,0.958753597434991,0.01701137967003615,10
combined_lasso,9cc9f9c8-580c-4d62-815a-52c317f78356,north_calabria,1,0.8569992668432157,0.10577469047719637,10
combined_lasso,9d875ecc-a441-4815-b201-adcc0b09c4de,central_calabria,0,0.8905948535456238,0.01829071484575576,10
combined_lasso,9d971bf2-95a7-4301-976f-8f2e82c68255,central_calabria,1,0.9425708304410645,0.025516577164394552,10
combined_lasso,9e64ceeb-8a77-4d98-b02f-62e4ed18d5bb,south_calabria,0,0.8807750561507511,0.06270476442949527,10
combined_lasso,9f2bd7ed-ff83-47ac-bfe8-d6ee9881caf9,north_calabria,1,0.9892338899382773,0.008489746722136558,10
combined_lasso,9f52ef20-43a0-4317-8261-106c60401b46,north_calabria,1,0.9784794479802411,0.011825701901014639,10
combined_lasso,9f631d74-d0b1-46f3-9263-cfaeef2a39d9,north_calabria,1,0.940735898704936,0.07759587146258028,10
combined_lasso,9f80206c-2d6c-4c7c-8617-04b871e9d633,north_calabria,0,0.5823381750017046,0.05336025406117656,10
combined_lasso,9fa83047-2f86-4b8c-8783-d1c70254335f,north_calabria,1,0.8820607662065368,0.04485639819691064,10
combined_lasso,a1224f1a-2282-414e-ad9c-0e196da6ed65,north_calabria,1,0.9917410122168955,0.007363337533133655,10
combined_lasso,a12b9fb2-3d04-477b-a3c2-472a96fee8d0,central_calabria,1,0.8829548694598127,0.033344886476127086,10
combined_lasso,a131c4aa-d996-4566-900b-2010212c1534,north_calabria,1,0.20052992427266733,0.09552713205389084,10
combined_lasso,a28481aa-6f9e-498e-92e3-1f6f0402f8c6,central_calabria,1,0.8802694267461693,0.024583247740291598,10
combined_lasso,a29a8a51-5e67-429c-b788-179ef6e8621d,north_calabria,1,0.9545037694690623,0.02287627683360243,10
combined_lasso,a31d6ff4-7b78-4d7c-b2a4-7ade7c149a95,central_calabria,0,0.098875077224775,0.04530575978198821,10
combined_lasso,a32fa40f-1ea0-4454-940c-f0dd8d1d6c39,north_calabria,1,0.9504562549653466,0.02133468260274234,10
combined_lasso,a539464f-adf6-4b3c-9c02-badd36600851,central_calabria,1,0.8411895025544964,0.038795976758320826,10
combined_lasso,a6ffe262-54f7-4081-a546-94eb1c5ba27c,central_calabria,1,0.9312238413905293,0.01169365326085205,10
combined_lasso,a71f3906-d07f-4b34-bca5-4eb5fd61256c,south_calabria,1,0.9598080973883298,0.018245720896516215,10
combined_lasso,a72b1053-9fe7-4ef1-b39d-cbc70448fe9b,north_calabria,1,0.7704832765608125,0.053272710462596524,10
combined_lasso,a849ac36-6d69-4b73-b8be-c50efdef9637,central_calabria,1,0.9374504841352049,0.015426797230701825,10
combined_lasso,a8f35e4c-f66e-4b7f-85a5-717cef058ee5,north_calabria,1,0.9411076409904637,0.03003418377140569,10
combined_lasso,a94547ee-1f33-4fb7-844b-410d7eaa72ef,north_calabria,0,0.8804747530245779,0.028402730066810846,10
combined_lasso,aa40a674-2e73-4f9e-a95a-a33774a44093,north_calabria,1,0.943839531825111,0.008697766860898671,10
combined_lasso,aa69dc98-9130-4971-ae9b-91fb5718e3dc,north_calabria,0,0.9442734595286856,0.01882992819481163,10
combined_lasso,aa873def-de9a-4c48-9bd9-dbcc64c3d434,north_calabria,1,0.956525224673403,0.015840745191300666,10
combined_lasso,aa973cbf-933d-4f92-a0bd-556eb41274b5,south_calabria,0,0.9272219367720856,0.04899254579450763,10
combined_lasso,aafefe00-0ac4-45e8-9968-f0ff9448e0f2,north_calabria,1,0.6624536780074244,0.06627278976049086,10
combined_lasso,ab616ee7-1423-470e-8ec2-0e6096518011,north_calabria,1,0.9223808377186706,0.02446121942105331,10
combined_lasso,ab8b74f1-aa18-422a-827d-44eefd01b2e8,central_calabria,1,0.9390345226923633,0.02631623911632435,10
combined_lasso,acf6f595-5139-4b76-ab28-b5a864e0f41f,north_calabria,1,0.8221382176855832,0.04052338947490997,10
combined_lasso,acff0d3f-94b2-4f7d-a01f-7365a0d9c2ba,south_calabria,1,0.8874615711625401,0.047059297863299855,10
combined_lasso,ad4c6519-5da8-4b7b-a7c4-f54463229092,north_calabria,1,0.9432022249239823,0.02517594428212566,10
combined_lasso,afdc270f-1f2f-4cd2-9bf9-ef5d6356b109,north_calabria,0,0.024140404981703965,0.018219069446681342,10
combined_lasso,aff9b927-4df9-4db5-a7d8-204282dc0442,north_calabria,0,0.8998137616020994,0.026491686261357984,10
combined_lasso,b0bef4b1-59ae-41f4-8662-8aee92560c24,central_calabria,1,0.671344477624903,0.12110849680463864,10
combined_lasso,b0e1c106-ec2e-416f-a65b-08a4124a0769,north_calabria,1,0.9626175770173344,0.02215788255356315,10
combined_lasso,b100b4af-3cd4-4281-8e00-23836e4bb0c2,central_calabria,1,0.6528270653139892,0.08616335804789474,10
combined_lasso,b1789587-5b2f-4183-8766-1ff749d9f4e0,north_calabria,1,0.892846642863075,0.013640658617858282,10
combined_lasso,b26a3a0b-2742-45b7-8cf7-94457d227e98,north_calabria,1,0.8351121966710562,0.03085397027566699,10
combined_lasso,b2c8612f-91d2-46fc-9074-133c2c48c499,north_calabria,1,0.9184445642719847,0.0388564530453779,10
combined_lasso,b34c8637-c05a-4874-b100-e5678bfa61fc,north_calabria,1,0.9927376040002562,0.006576440289252923,10
combined_lasso,b403791c-f415-4f93-a283-4a42348cc884,central_calabria,1,0.919926454095337,0.03816465103167132,10
combined_lasso,b429426c-78e9-4195-8107-28ac93dc95ef,north_calabria,0,0.7890536652008182,0.0630267776888031,10
combined_lasso,b4ebfa59-660d-41d9-b44d-8f35d353c8c4,south_calabria,1,0.9792090874606837,0.012759315226613355,10
combined_lasso,b5384a2e-fe82-4fcf-a7df-032c096860ee,north_calabria,0,0.40511872296724355,0.13389118015137091,10
combined_lasso,b562c8ba-78e2-4961-94f2-ba1751235f26,south_calabria,0,0.18947532578465184,0.036564262432399006,10
combined_lasso,b59afa5f-8122-4850-87a0-7e123a951688,north_calabria,0,0.14633913001666202,0.06093885744421882,10
combined_lasso,b610ec08-6416-4812-9e6b-1fbb2b84b6e3,north_calabria,1,0.9439741200453904,0.029893395744997667,10
combined_lasso,b62a8fc4-17bc-4b90-abe6-975e87963dc6,north_calabria,1,0.9137042528000425,0.015218268435645914,10
combined_lasso,b63e283a-af95-43c2-9658-00391011628d,north_calabria,1,0.9791904756901468,0.011689536216486676,10
combined_lasso,b76c53ef-8cba-4f1d-b58e-9f9cfe600ae0,north_calabria,1,0.8865697012368023,0.03316663561706694,10
combined_lasso,b8d127d2-b0e8-4647-974a-043fb45bd0bb,north_calabria,0,0.9150358046433217,0.028762299059530157,10
combined_lasso,b9283d12-368c-4cfd-9d70-ad09219dccff,central_calabria,1,0.9796728705766296,0.01115314370878926,10
combined_lasso,b95ca791-e41f-48c7-be35-7a3fcd83a366,north_calabria,1,0.9938735036653586,0.003635010256139027,10
combined_lasso,ba24e946-3224-458f-bfcc-73c50116aff7,north_calabria,1,0.9801221016083679,0.006901432135219669,10
combined_lasso,ba491d00-0443-433e-9794-47c5a2d9b298,north_calabria,1,0.8914934040395357,0.03084483483541634,10
combined_lasso,bac558ba-1b7b-45b8-8b7c-051aa1b8d731,south_calabria,1,0.8133274250057413,0.027135049699490186,10
combined_lasso,bae68644-7473-4023-a420-1087d388429a,central_calabria,1,0.8946326973357254,0.03105758411769291,10
combined_lasso,bb47584f-0e12-4ef7-a19b-4d232e72b7e9,north_calabria,0,0.7411345995424325,0.1260874355745219,10
combined_lasso,bc39d7aa-5747-447a-95d0-39dca5b36829,north_calabria,1,0.9474564713630453,0.009876985650604804,10
combined_lasso,bc3c4e4c-5bd4-4752-9499-cef599ca7fc3,north_calabria,1,0.8120532809364246,0.06651741498033298,10
combined_lasso,bcc12f4c-190e-4aae-a69a-007cc8c3f423,north_calabria,1,0.774895258220947,0.032941052092074666,10
combined_lasso,bd84daa4-bb3c-4a5e-9182-1f14224b9e30,north_calabria,1,0.9104090274775196,0.03395875615609491,10
combined_lasso,be4b9101-295d-4067-a7fa-c376e4967524,north_calabria,1,0.926110716786601,0.03274364755771389,10
combined_lasso,bef24b6d-8fca-4974-b35c-a6fb15e0ee02,north_calabria,1,0.9490535072059336,0.022964302220804235,10
combined_lasso,bf430b5f-dec6-4c64-a93e-a3f994f67a19,north_calabria,1,0.9837879843189492,0.006161660678513121,10
combined_lasso,bfdd5d20-8bdc-42ad-8dde-ffb9800c4852,north_calabria,1,0.9218244869178882,0.01590406835912021,10
combined_lasso,c05b1454-43e1-4df2-b82a-8333613732d9,north_calabria,0,0.5400863046591091,0.09566623157341647,10
combined_lasso,c10a885b-8af8-4f83-8593-7b96b5841ffd,north_calabria,1,0.9686394413229458,0.012341605484283574,10
combined_lasso,c25e2445-db4b-415e-9d06-9651e5511705,north_calabria,1,0.7777145253037119,0.13492491093524292,10
combined_lasso,c3c90121-6715-42c6-90f0-991cef731f26,north_calabria,0,0.3836992739017727,0.20820642340743592,10
combined_lasso,c6773848-af01-47ee-89f2-5aea394ef2df,north_calabria,1,0.9880638069128533,0.008325731262423829,10
combined_lasso,c72941a3-dc5f-4bd2-b83c-821ad895b90d,north_calabria,1,0.9647902728002237,0.012952277352359947,10
combined_lasso,c7ca7365-b7b5-4244-b8d6-eef45842dee4,north_calabria,0,0.47547907879619355,0.10037524159179377,10
combined_lasso,c8004074-d794-4937-8a51-7d4df78c55be,south_calabria,1,0.9724019540579197,0.010134471258529119,10
combined_lasso,c821c208-d055-4990-b43e-a02a7e7c95b3,north_calabria,1,0.43629873067894004,0.07129241926872996,10
combined_lasso,c880448d-4946-4792-8f22-15bdc72d4224,north_calabria,1,0.9036168841807634,0.0499168063264985,10
combined_lasso,c89ce338-60b3-40e1-a14d-f118aa9b949c,north_calabria,1,0.9306541186662398,0.021908026833811874,10
combined_lasso,cae37c5a-d739-4056-b566-9d4c0dfbab92,central_calabria,1,0.7079660495527227,0.06736755639084575,10
combined_lasso,cb098c94-9e0c-4efd-9fdf-e072bdbf799e,central_calabria,1,0.9923056268973214,0.007367510267475796,10
combined_lasso,cb652ebb-5e9f-42f9-a97a-5956ec2cab7c,central_calabria,1,0.9849541521136281,0.010716722491669634,10
combined_lasso,cca25d56-750b-475a-833d-a8be0d425c2a,north_calabria,1,0.9799835280306584,0.0073850008117051745,10
combined_lasso,cd3ec7df-fced-4dfb-ad06-094c65770782,north_calabria,1,0.8150298109041934,0.07696001243878954,10
combined_lasso,cd7618b2-e0c3-4e36-84d0-bab75b172a09,north_calabria,0,0.761628671628422,0.11052222251334214,10
combined_lasso,ce1d4a2a-5f31-4ac0-a2b6-91a606ddd2b1,north_calabria,1,0.9018062678930556,0.020993662670100187,10
combined_lasso,ce3b116f-a84a-43d0-8b26-6986d001c4a6,north_calabria,1,0.24069356252945884,0.078801091119545,10
combined_lasso,ce62d29c-d19f-49ca-a69b-bf8375300ab8,central_calabria,1,0.3780245295431465,0.08580393412138486,10
combined_lasso,ce6fc4d0-9e9f-4e49-bd11-35d27b7892fe,central_calabria,1,0.933344737629316,0.03860738410111905,10
combined_lasso,d00f4b52-dd1a-4a88-ab34-433baf10e6bc,north_calabria,1,0.9370913213912824,0.013650599996877514,10
combined_lasso,d04fc3d9-e103-48e5-ac84-acb37ff7e23b,central_calabria,1,0.8247890265183839,0.03190408688732148,10
combined_lasso,d07199dd-43a6-4336-8eb9-156d48417701,north_calabria,1,0.9487646944286589,0.014443406220044778,10
combined_lasso,d11166b9-8885-4dfe-a3a6-f12852fe41ba,north_calabria,0,0.7035813235608679,0.0728989272423292,10
combined_lasso,d11b74c7-0707-4609-9e17-5370835a8434,central_calabria,1,0.9655123233915924,0.013367599307937761,10
combined_lasso,d194620e-7f10-4163-b055-c5861c64427c,north_calabria,1,0.9622337884149517,0.03474751785623382,10
combined_lasso,d213ebef-79cd-4c88-89d8-09276018d836,central_calabria,0,0.5070394869351299,0.05490870221826226,10
combined_lasso,d2383140-0843-4e07-b70c-f4accc9159a7,north_calabria,0,0.7210928590503911,0.08121147452779366,10
combined_lasso,d23e6bcd-12be-4847-ae22-835bacf10787,north_calabria,1,0.8729693783606525,0.02843836422252046,10
combined_lasso,d2f24500-65cd-42f0-80a5-c2ea866bd9de,south_calabria,1,0.9165544251808029,0.019034412443155367,10
combined_lasso,d3477389-7d24-4796-ac3c-0deba52b5dd1,north_calabria,1,0.9801996144435525,0.013995016489096278,10
combined_lasso,d4a2bba7-2777-47df-8d2c-5cf093093e9e,north_calabria,1,0.9890182686318905,0.005376587795007242,10
combined_lasso,d50cdff3-1ac0-46ba-a31f-b45eca251ed2,north_calabria,1,0.6427127358599625,0.037709255692879286,10
combined_lasso,d580fabe-7af8-4733-bda7-a855966d163e,north_calabria,0,0.7151334098258675,0.04587298879399768,10
combined_lasso,d640aa56-1b42-4a72-9335-7b5b23c6cf82,north_calabria,1,0.8775458972503516,0.027458803581091984,10
combined_lasso,d66eb470-eaee-45a7-b109-29fdfd333c61,north_calabria,1,0.984998121837988,0.01572230991353612,10
combined_lasso,d67caef6-700f-4655-93fc-85bdcf49694a,north_calabria,1,0.5481328766173206,0.06730365758097887,10
combined_lasso,d6996345-a922-452a-9c41-636c696864e0,north_calabria,1,0.944389756554337,0.022065801346802128,10
combined_lasso,d6fb84e3-b184-4417-b140-23637d276e71,north_calabria,1,0.982640953685119,0.009233210811678345,10
combined_lasso,d7d5c207-c390-4ca1-a593-8896d60af80d,north_calabria,1,0.9635564512179459,0.009879829263137128,10
combined_lasso,d94001e3-f949-4b70-b12f-8250fae9236d,north_calabria,1,0.8477595547170236,0.03318147025102813,10
combined_lasso,d96ed53d-8b4b-45b3-b436-9ab24b3bcb29,north_calabria,1,0.9358951063172706,0.01881716640800249,10
combined_lasso,da355dd0-92ed-4741-9339-8cfa06920199,central_calabria,0,0.16407281035911997,0.08611186574957477,10
combined_lasso,dc0ee0db-fbd2-4f3f-9f44-eb7e9e635af2,north_calabria,1,0.8795779833552408,0.06652924026128078,10
combined_lasso,dc930272-b3e9-4d3b-8cf5-8d8b471de1bb,north_calabria,1,0.8216401358766012,0.03380332542629627,10
combined_lasso,dd59b1a1-96b9-424a-9f3d-48d56dd4fb7e,south_calabria,1,0.8726428539541791,0.03278362499316107,10
combined_lasso,de47aae7-2161-485e-b5f8-244d040e6bf5,north_calabria,1,0.7637896095247921,0.06417407242287732,10
combined_lasso,df2611ec-8650-4051-9b7e-f345a5cf8b09,central_calabria,1,0.978467534096691,0.009199173287687205,10
combined_lasso,dfa634d7-439a-4b2b-8f40-681bbeb3e8b2,central_calabria,1,0.9421124196363418,0.026136669328188127,10
combined_lasso,e0c72bc8-feef-4e3f-83db-74909b340a55,north_calabria,1,0.9464572575883097,0.017673905525239463,10
combined_lasso,e0e94705-5261-4a27-a95b-458eb087231d,south_calabria,1,0.9016730267982705,0.03911772561610804,10
combined_lasso,e219b958-05d2-498a-850a-3f055f1f3c57,north_calabria,0,0.9120140847109042,0.054376770893256585,10
combined_lasso,e383adfd-6a9f-4360-a0ea-c40669b68b8c,north_calabria,1,0.41746565044850925,0.13666392724389909,10
combined_lasso,e385fb32-0936-4167-a3c0-34158f90c289,north_calabria,1,0.9770502573183757,0.01294733185290571,10
combined_lasso,e46727bc-af30-4386-a1b3-722be9bd7972,north_calabria,1,0.5493530070710575,0.05514478381467353,10
combined_lasso,e5d216dc-f861-4914-b410-6918a6e5d0f7,south_calabria,0,0.40962000859004577,0.10210619180279115,10
combined_lasso,e61f659a-e5e0-4c12-b9d3-44626980afe7,south_calabria,0,0.7277659410256238,0.059002639422466675,10
combined_lasso,e7602f95-abd5-4c86-8585-8c221da829be,central_calabria,1,0.9742090456968653,0.00613845509879591,10
combined_lasso,e7cf290a-c0a9-4445-a655-beaf8c58141f,north_calabria,1,0.9709115066473875,0.015823362178600236,10
combined_lasso,e81d287e-8b06-4782-91ac-9d7c74e701bc,central_calabria,1,0.6363230444984226,0.05721652050983452,10
combined_lasso,ea61c138-c377-444a-b669-c39d84e87350,central_calabria,1,0.9450795609960398,0.014031860343919825,10
combined_lasso,eb6674e7-c655-48dd-b200-7f58d3ce2b9e,north_calabria,1,0.9529743000569317,0.03451831409550641,10
combined_lasso,eb975401-cb68-420d-97ae-0c6174d7ca47,south_calabria,1,0.939794944077984,0.04273172617678686,10
combined_lasso,ecc27547-8ab6-4724-8b86-b877b3957f93,central_calabria,1,0.9723967661802335,0.023166141588417927,10
combined_lasso,ecec9225-22ec-4738-b0f5-a8031439cee2,north_calabria,0,0.4322247030307448,0.0935485686814933,10
combined_lasso,ee661ac0-e1b6-47d3-87ec-f86f7a6cc806,north_calabria,0,0.7212551139644541,0.03894396278472143,10
combined_lasso,ee92ad4f-5c0a-4143-8a89-d881e09b6a55,south_calabria,1,0.9902388129793431,0.008050009281200676,10
combined_lasso,ef1b2d1d-08ae-4d39-8e19-897bcc66e9bd,north_calabria,0,0.5890926842127613,0.08142852432972508,10
combined_lasso,ef355117-1784-4646-8889-84be3f43b197,north_calabria,0,0.6866062230639054,0.07118417864633866,10
combined_lasso,efc35763-b4fd-499f-8ede-a7a97c0abe44,north_calabria,1,0.9836365588413708,0.010848502529817321,10
combined_lasso,f0389b55-898a-43ac-ad18-89d9c96b443e,north_calabria,1,0.8147410544172031,0.055617372604081984,10
combined_lasso,f03ebfdd-7cf1-40d0-8f06-40a87fb7e37e,north_calabria,1,0.511428001220172,0.10153017706891145,10
combined_lasso,f0b7311b-9105-4887-b0a7-ea6782153bf1,north_calabria,1,0.9467930884319253,0.036392033342389114,10
combined_lasso,f17f4011-1117-4400-bebc-d1e52e454c42,north_calabria,1,0.7606906063745744,0.04824836052499479,10
combined_lasso,f2c013ae-0e7c-4c72-be43-6bf679a6466c,north_calabria,0,0.6954326418978696,0.06428391293989018,10
combined_lasso,f2d9b38a-668a-45b5-ac3d-211789791177,north_calabria,1,0.900296405209706,0.036253341250236,10
combined_lasso,f41427d4-2eec-4342-afda-f7b91abfecf6,central_calabria,1,0.9062383195807564,0.031510595659097154,10
combined_lasso,f4a59980-311d-420c-8b0f-03cf981eef29,north_calabria,1,0.9633489164869264,0.011070685391718264,10
combined_lasso,f547f146-4f35-4210-8586-3b2beaf81c91,north_calabria,1,0.3305856728480295,0.058334565714116035,10
combined_lasso,f58490a2-7378-4d59-a9a4-bdb9fbb53799,south_calabria,1,0.5793825850891017,0.11446708753206293,10
combined_lasso,f5b5b142-51cf-422c-be5d-bb1030b5104b,central_calabria,1,0.8396142300172873,0.051332480108029634,10
combined_lasso,f5d86fe6-a377-4662-8f14-3bd8af2f89c7,north_calabria,1,0.8770580605624524,0.02045088682605534,10
combined_lasso,f5e5405b-f597-49bc-b637-55a01e6ffb1c,north_calabria,1,0.9958581852210212,0.004024144009654342,10
combined_lasso,f64a6be1-9f15-4d73-9312-68e5bdbdbaa3,north_calabria,1,0.9699015274520197,0.007177368117547117,10
combined_lasso,f6c4d039-3988-45e6-9dc3-ac217589d3ad,north_calabria,1,0.9867803474341288,0.009411737943080558,10
combined_lasso,f6fa973e-5556-4747-9eda-8d06b220a4c3,north_calabria,1,0.9197334844339554,0.036616664123932344,10
combined_lasso,f73ebccc-8d45-4b85-9c05-0054797b49cf,north_calabria,1,0.772181937293632,0.09137557172497075,10
combined_lasso,f74340c1-e9c0-4ca8-bba7-23dc781ba445,north_calabria,0,0.160750371697219,0.06172240722822906,10
combined_lasso,f7d8cb46-3200-420a-bf30-a1d79e8cd8c1,north_calabria,1,0.9147194167339695,0.013182188638489953,10
combined_lasso,f8f7c51a-bfa8-4451-ad86-2e563151aadd,south_calabria,1,0.8972919759604554,0.023551663978903188,10
combined_lasso,f97be8f0-b9fd-4bea-8f5a-45f57bf2bc3e,central_calabria,0,0.019852243437939548,0.005432242830906259,10
combined_lasso,f9c3a864-b06d-436a-bb5e-3c69a7f838b6,central_calabria,0,0.59535845194841,0.080642060742369,10
combined_lasso,fa5d6b92-589f-481c-90a4-e9ead4701bf9,north_calabria,1,0.9326125760889645,0.025687054385954897,10
combined_lasso,fa68a229-21b9-4fc5-b637-77d1bc914ba9,north_calabria,1,0.9173809585421526,0.03914972113730174,10
combined_lasso,fb66c21b-51dd-4070-8a85-beb5ac43ee67,north_calabria,1,0.9135995859261984,0.021230774743207635,10
combined_lasso,fbc95eca-e780-49e2-9135-a07bfe4a75a7,north_calabria,0,0.9531445515485786,0.04029788904112352,10
combined_lasso,fbcbbe83-5fc0-4da4-8a51-dc723b489103,central_calabria,0,0.35315671739056886,0.11050094530583328,10
combined_lasso,fc35308f-5965-4589-b9eb-df4515261f48,north_calabria,1,0.7979979109977681,0.080959906493466,10
combined_lasso,fc593a03-e948-466a-afb7-5dcbdfebba29,north_calabria,1,0.6861098819369162,0.10470802597369507,10
combined_lasso,fca36657-c68b-4dcc-9f7b-7ade95d71b27,north_calabria,1,0.906708500103754,0.018004903806358556,10
combined_lasso,fd3319c8-a309-4069-8462-ee3042def336,north_calabria,1,0.8077006207422033,0.08478769582254099,10
combined_lasso,fe45959a-5ccc-43cd-8250-128ab0bb32d5,north_calabria,1,0.7724063959380442,0.07759246363226295,10
combined_lasso,fe6a8187-c57c-43bc-960d-c41ca547bde7,north_calabria,1,0.9907411665062877,0.006354319641214346,10
combined_lasso,fe98d1d6-4510-4949-8ebf-5b9be631b077,north_calabria,1,0.945290498555733,0.0216389598324293,10
combined_lasso,ff24a594-7284-4fff-8911-b7ab9f68bfb0,north_calabria,1,0.8753354200528303,0.04655558621037563,10
combined_lasso,ff29589f-3103-4277-b455-f478488dc77c,central_calabria,0,0.8014804083109761,0.08997431112199528,10
